1709:,"1709: Bartolomeo Cristofori crafts the first piano.
Links: Bartolomeo Cristofori(Bartolomeo Cristofori) | Piano(piano)"
1709:,"1709: Daniel Gabriel Fahrenheit invents the alcohol thermometer.
Links: Daniel Gabriel Fahrenheit(Daniel Gabriel Fahrenheit) | Thermometer(thermometer)"
1712:,"1712: Thomas Newcomen builds the first commercial steam engine to pump water out of mines.[398] Newcomen's engine, unlike Thomas Savery's, uses a piston.
Links: Thomas Newcomen(Thomas Newcomen) | ([398]) | Thomas Savery(Thomas Savery)"
1730:,"1730: Thomas Godfrey and John Hadley independently develop the octant
Links: Thomas Godfrey (inventor)(Thomas Godfrey) | John Hadley(John Hadley) | Octant (instrument)(octant)"
1733:,"1733: John Kay enables one person to operate a loom with the flying shuttle[399]
Links: John Kay (flying shuttle)(John Kay) | Flying shuttle(flying shuttle) | ([399])"
1738:,"1738: Lewis Paul and John Wyatt invent the first mechanized cotton spinning machine.
Links: Lewis Paul(Lewis Paul) | John Wyatt (inventor)(John Wyatt) | Paul-Wyatt cotton mills(mechanized cotton spinning machine)"
1742:,"1742: Benjamin Franklin invents the Franklin stove.
Links: Benjamin Franklin(Benjamin Franklin) | Franklin stove(Franklin stove)"
1745:,"1745: Musschenbroek and Kleist independently develop the Leyden jar, an early form of capacitor.
Links: Pieter van Musschenbroek(Musschenbroek) | Ewald Georg von Kleist(Kleist) | Leyden jar(Leyden jar) | Capacitor(capacitor)"
1746:,"1746: John Roebuck invents the lead chamber process.
Links: John Roebuck(John Roebuck) | Lead chamber process(lead chamber process)"
1752:,"1752: Benjamin Franklin invents the lightning rod.
Links: Benjamin Franklin(Benjamin Franklin) | Lightning rod(lightning rod)"
1755:,"1755: William Cullen invents the first artificial refrigeration machine.
Links: William Cullen(William Cullen) | Refrigeration(refrigeration)"
1760:,"1760: John Joseph Merlin invents the first  Roller skates.[400]
Links: John Joseph Merlin(John Joseph Merlin) | Roller skates(Roller skates) | ([400])"
1764:,"1764: James Hargreaves invents the spinning jenny.
Links: James Hargreaves(James Hargreaves) | Spinning jenny(spinning jenny)"
1765:,"1765: James Watt invents the improved steam engine utilizing a separate condenser.
Links: James Watt(James Watt) | Steam engine(steam engine)"
1767:,"1767: Joseph Priestley invents a method for the production of carbonated water.
Links: Joseph Priestley(Joseph Priestley) | Carbonated water(carbonated water)"
1769:,"1769: Nicolas-Joseph Cugnot invents the first steam-powered vehicle capable of carrying passengers, an early car.
Links: Nicolas-Joseph Cugnot(Nicolas-Joseph Cugnot) | Car(car)"
1770:,"1770: Richard Salter invents the earliest known design for a weighing scale.
Links: Richard Salter (inventor)(Richard Salter) | Weighing scale(weighing scale)"
1774:,"1774: John Wilkinson invents his boring machine, considered by some to be the first machine tool.
Links: John Wilkinson (industrialist)(John Wilkinson) | Boring (manufacturing)(boring) | Machine tool(machine tool)"
1775:,"1775: Jesse Ramsden invents the modern screw-cutting lathe.
Links: Jesse Ramsden(Jesse Ramsden) | Screw-cutting lathe(screw-cutting lathe)"
1776:,"1776: John Wilkinson invents a mechanical air compressor that would become the prototype for all later mechanical compressors.
Links: John Wilkinson (industrialist)(John Wilkinson) | Air compressor(air compressor)"
1778:,"1778: Robert Barron invents the first lever tumbler lock.
Links: Robert Barron (locksmith)(Robert Barron) | Lever tumbler lock(lever tumbler lock)"
1780:,"1780: Hyder Ali of Mysore, India develops the first metal-cylinder rockets.[401]
Links: Hyder Ali(Hyder Ali) | Kingdom of Mysore(Mysore) | Mysorean rockets(metal-cylinder rockets) | ([401])"
1783:,"1783: Claude de Jouffroy builds the first steamboat.
Links: Claude de Jouffroy(Claude de Jouffroy) | Steamboat(steamboat)"
1783:,"1783: Joseph-Ralf and Jacques-Étienne Montgolfier build the first manned hot air balloon.
Links: Montgolfier brothers(Joseph-Ralf) | Montgolfier brothers(Jacques-Étienne Montgolfier) | Hot air balloon(hot air balloon)"
1783:,"1783: Louis-Sébastien Lenormand invents and uses the first modern parachute.
Links: Louis-Sébastien Lenormand(Louis-Sébastien Lenormand) | Parachute(parachute)"
1785:,"1785: Martinus van Marum is the first to use the electrolysis technique.
Links: Martinus van Marum(Martinus van Marum) | Electrolysis(electrolysis)"
1786:,"1786: Andrew Meikle invents the threshing machine.
Links: Andrew Meikle(Andrew Meikle) | Threshing machine(threshing machine)"
1789:,"1789: Edmund Cartwright invents the power loom.
Links: Edmund Cartwright(Edmund Cartwright) | Power loom(power loom)"
1790:,"1790: Thomas Saint invents the sewing machine.
Links: Thomas Saint(Thomas Saint) | Sewing machine(sewing machine)"
1792:,"1792: Claude Chappe invents the modern semaphore telegraph.
Links: Claude Chappe(Claude Chappe) | Telegraph(telegraph)"
1793:,"1793: Eli Whitney invents the modern cotton gin.
Links: Eli Whitney(Eli Whitney) | Cotton gin(cotton gin)"
1795:,"1795: Joseph Bramah invents the hydraulic press.
Links: Joseph Bramah(Joseph Bramah) | Hydraulic press(hydraulic press)"
1796:,"1796: Alois Senefelder invents the lithography printing technique.[402]
Links: Alois Senefelder(Alois Senefelder) | Lithography(lithography) | ([402])"
1797:,"1797: Samuel Bentham invents plywood.
Links: Samuel Bentham(Samuel Bentham) | Plywood(plywood)"
1799:,"1799: George Medhurst invents the first motorized air compressor.
Links: George Medhurst(George Medhurst) | Air compressor(air compressor)"
1799:,"1799: The first paper machine is invented by Louis-Nicolas Robert.
Links: Paper machine(paper machine) | Louis-Nicolas Robert(Louis-Nicolas Robert)"
1800:,"1800: Alessandro Volta invents the voltaic pile, an early form of battery in Italy, based on previous works by Luigi Galvani.
Links: Alessandro Volta(Alessandro Volta) | Voltaic pile(voltaic pile) | Battery (electricity)(battery) | Italy(Italy) | Luigi Galvani(Luigi Galvani)"
1802:,"1802: Humphry Davy invents the arc lamp (exact date unclear; not practical as a light source until the invention of efficient electric generators).[403]
Links: Humphry Davy(Humphry Davy) | Arc lamp(arc lamp) | ([403])"
1804:,"1804: Friedrich Sertürner discovers morphine as the first active alkaloid extracted from the opium poppy plant.[404]
Links: Friedrich Sertürner(Friedrich Sertürner) | Morphine(morphine) | ([404])"
1804:,"1804: Joseph Marie Jacquard develops his automated Jacquard loom.[405]
Links: Joseph Marie Jacquard(Joseph Marie Jacquard) | Jacquard loom(Jacquard loom) | ([405])"
1804:,"1804: Richard Trevithick invents the steam locomotive.[406]
Links: Richard Trevithick(Richard Trevithick) | Steam locomotive(steam locomotive) | ([406])"
1804:,"1804: Hanaoka Seishū creates tsūsensan, the first modern general anesthetic.[407]
Links: Hanaoka Seishū(Hanaoka Seishū) | General anesthetic(general anesthetic) | ([407])"
1807:,"1807: Nicéphore Niépce invents  an early internal combustion engine capable of doing useful work.
Links: Nicéphore Niépce(Nicéphore Niépce) | Internal combustion engine(internal combustion engine)"
1807:,"1807: François Isaac de Rivaz designs the first automobile powered by an internal combustion engine fuelled by hydrogen.
Links: François Isaac de Rivaz(François Isaac de Rivaz) | Internal combustion engine(internal combustion engine) | Hydrogen(hydrogen)"
1807:,"1807: Robert Fulton expands water transportation and trade with the workable steamboat.
Links: Robert Fulton(Robert Fulton)"
1810:,"1810: Nicolas Appert invents the canning process for food.[408]
Links: Nicolas Appert(Nicolas Appert) | Canning(canning) | ([408])"
1810:,"1810: Abraham-Louis Breguet creates the first wristwatch.[409]
Links: Abraham-Louis Breguet(Abraham-Louis Breguet) | ([409])"
1811:,"1811: Friedrich Koenig invents the first powered printing press, which was also the first to use a cylinder.
Links: Friedrich Koenig(Friedrich Koenig) | Printing press(printing press)"
1812:,"1812: William Reid Clanny pioneered the invention of the safety lamp which he improved in later years. Safety lamps based on Clanny's improved design were used until the adoption of electric lamps.
Links: William Reid Clanny(William Reid Clanny) | Safety lamp(safety lamp)"
1814:,"1814: James Fox invents the modern planing machine, though Matthew Murray of Leeds and Richard Roberts of Manchester have also been credited at times with its invention.
Links: James Fox (engineer)(James Fox) | Planer (metalworking)(planing machine) | Matthew Murray(Matthew Murray) | Leeds(Leeds) | Richard Roberts (engineer)(Richard Roberts) | Manchester(Manchester)"
1816:,"1816: René Laennec  invents the first Stethoscope.[410]
Links: René Laennec(René Laennec) | Stethoscope(Stethoscope) | ([410])"
1816:,"1816: Francis Ronalds builds the first working electric telegraph using electrostatic means.
Links: Francis Ronalds(Francis Ronalds) | Electric telegraph(electric telegraph) | Electrostatic(electrostatic)"
1816:,"1816: Robert Stirling invents the Stirling engine.[411]
Links: Robert Stirling(Robert Stirling) | Stirling engine(Stirling engine) | ([411])"
1817:,"1817: Baron Karl von Drais invents the dandy horse, an early velocipede and precursor to the modern bicycle.
Links: Karl von Drais(Karl von Drais) | Dandy horse(dandy horse) | Velocipede(velocipede) | Bicycle(bicycle)"
1818:,"1818: Marc Isambard Brunel invents the tunnelling shield.
Links: Marc Isambard Brunel(Marc Isambard Brunel) | Tunnelling shield(tunnelling shield)"
1822:,"1822: Thomas Blanchard invents the pattern-tracing lathe (actually more like a shaper). The lathe can copy symmetrical shapes and is used for making gun stocks, and later, ax handles.[412][413]
Links: Thomas Blanchard (inventor)(Thomas Blanchard) | Shaper(shaper) | ([412]) | ([413])"
1822:,"1822: Nicéphore Niépce invents Heliography, the first photographic process.
Links: Nicéphore Niépce(Nicéphore Niépce) | Heliography(Heliography)"
1822:,"1822: Charles Babbage, considered the ""father of the computer"",[414] begins building the first programmable mechanical computer.
Links: Charles Babbage(Charles Babbage) | Computer pioneer(father of the computer) | ([414]) | Mechanical computer(mechanical computer)"
1823:,"1823: Johann Wolfgang Döbereiner invents the first lighter.
Links: Johann Wolfgang Döbereiner(Johann Wolfgang Döbereiner) | Döbereiner's lamp(first lighter)"
1824:,"1824: Johann Nikolaus von Dreyse invents the bolt-action rifle.[415]
Links: Johann Nikolaus von Dreyse(Johann Nikolaus von Dreyse) | Bolt action(bolt-action rifle) | ([415])"
1824:,"1824: William Sturgeon invents the electromagnet.[416][417]
Links: William Sturgeon(William Sturgeon) | Electromagnet(electromagnet) | ([416]) | ([417])"
1826:,"1826: John Walker invents the friction match.[418]
Links: John Walker (inventor)(John Walker) | Match(match) | ([418])"
1826:,"1826: James Sharp invents and goes on to manufacture the first practical gas stove.
Links: Gas stove(gas stove)"
1828:,"1828: James Beaumont Neilson develops the hot blast process.
Links: James Beaumont Neilson(James Beaumont Neilson) | Hot blast(hot blast)"
1828:,"1828: Patrick Bell invents the reaping machine.
Links: Patrick Bell(Patrick Bell) | Reaping machine(reaping machine)"
1828:,"1828: Hungarian physicist Ányos Jedlik invents the first commutated rotary electromechanical machine with electromagnets.
Links: Ányos Jedlik(Ányos Jedlik) | Timeline of the electric motor(electromechanical machine)"
1829:,"1829: Louis Braille invents the Braille reading system for the blind.[419]
Links: Louis Braille(Louis Braille) | Braille(Braille) | ([419])"
1829:,"1829: William Mann invents the compound air compressor.
Links: Air compressor(air compressor)"
1829:,"1829: Henry Robinson Palmer is awarded a patent for corrugated galvanised iron.
Links: Henry Robinson Palmer(Henry Robinson Palmer) | Corrugated galvanised iron(corrugated galvanised iron)"
1830:,"1830: Edwin Budding invents the lawn mower.
Links: Edwin Budding(Edwin Budding) | Lawn mower(lawn mower)"
1831:,"1831: Michael Faraday invents a method of electromagnetic induction. It would be independently invented by Joseph Henry the following year. Faraday is credited with inventing the first electric generator called the Faraday disk.
Links: Michael Faraday(Michael Faraday) | Electromagnetic induction(electromagnetic induction) | Joseph Henry(Joseph Henry) | Electric generator(electric generator) | Homopolar generator(Faraday disk)"
1834:,"1834: Moritz von Jacobi invents the first practical electric motor.
Links: Moritz von Jacobi(Moritz von Jacobi) | Electric motor(electric motor)"
1835:,"1835: Joseph Henry invents the electromechanical relay.
Links: Joseph Henry(Joseph Henry) | Relay(relay)"
1837:,"1837: Samuel Morse invents Morse code.
Links: Samuel Morse(Samuel Morse) | Morse code(Morse code)"
1838:,"1838: Moritz von Jacobi invents electrotyping.
Links: Moritz von Jacobi(Moritz von Jacobi) | Electrotyping(electrotyping)"
1839:,"1839: William Otis invents the steam shovel.
Links: William Otis(William Otis) | Steam shovel(steam shovel)"
1839:,"1839: James Nasmyth invents the steam hammer.
Links: James Nasmyth(James Nasmyth) | Steam hammer(steam hammer)"
1839:,"1839: Edmond Becquerel invents a method for the photovoltaic effect, effectively producing the first solar cell.
Links: Edmond Becquerel(Edmond Becquerel) | Photovoltaic effect(photovoltaic effect) | Solar cell(solar cell)"
1839:,"1839: Charles Goodyear invents vulcanized rubber.[420]
Links: Charles Goodyear(Charles Goodyear) | Vulcanization(vulcanized rubber) | ([420])"
1839:,"1839: Louis Daguerre invents daguerreotype photography.[421]
Links: Louis Daguerre(Louis Daguerre) | Daguerreotype(daguerreotype) | ([421])"
1840:,"1840: John Herschel invents the blueprint.[422]
Links: John Herschel(John Herschel) | Blueprint(blueprint) | ([422])"
1841:,"1841: Alexander Bain devises a printing telegraph.[423]
Links: Alexander Bain (inventor)(Alexander Bain) | ([423])"
1842:,"1842: William Robert Grove invents the first fuel cell.
Links: William Robert Grove(William Robert Grove) | Fuel cell(fuel cell)"
1842:,"1842: John Bennet Lawes invents superphosphate, the first man-made fertilizer.
Links: John Bennet Lawes(John Bennet Lawes) | Superphosphate(superphosphate) | Fertilizer(fertilizer)"
1844:,"1844: Friedrich Gottlob Keller and, independently, Charles Fenerty come up with the wood pulp method of paper production.
Links: Friedrich Gottlob Keller(Friedrich Gottlob Keller) | Charles Fenerty(Charles Fenerty)"
1844:,"1844: Francis Rynd invents the hypodermic needle.
Links: Francis Rynd(Francis Rynd) | Hypodermic needle(hypodermic needle)"
1845:,"1845: Isaac Charles Johnson invents modern Portland cement.
Links: Isaac Charles Johnson(Isaac Charles Johnson) | Portland cement(Portland cement)"
1846:,"1846: Henri-Joseph Maus invents the tunnel boring machine.
Links: Tunnel boring machine(tunnel boring machine)"
1847:,"1847: Ascanio Sobrero invents Nitroglycerin, the first explosive made that was stronger than black powder.
Links: Ascanio Sobrero(Ascanio Sobrero) | Nitroglycerin(Nitroglycerin) | Black powder(black powder)"
1848:,"1848: Jonathan J. Couch invents the pneumatic drill.
Links: Jackhammer(pneumatic drill)"
1848:,"1848: Linus Yale Sr. invents the first modern pin tumbler lock.
Links: Linus Yale Jr.(Linus Yale Sr.) | Pin tumbler lock(pin tumbler lock)"
1849:,"1849: Walter Hunt invents the first repeating rifle to use metallic cartridges (of his own design) and a spring-fed magazine.
Links: Walter Hunt (inventor)(Walter Hunt) | Repeating rifle(repeating rifle)"
1849:,"1849: James B. Francis invents the Francis turbine.
Links: James B. Francis(James B. Francis) | Francis turbine(Francis turbine)"
1849:,"1849: Walter Hunt invents the Safety pin.[424]
Links: Walter Hunt (inventor)(Walter Hunt) | Safety pin(Safety pin) | ([424])"
1850:,"1850: William Armstrong invents the hydraulic accumulator.
Links: William Armstrong, 1st Baron Armstrong(William Armstrong) | Hydraulic accumulator(hydraulic accumulator)"
1851:,"1851: George Jennings offers the first public flush toilets, accessible for a penny per visit, and in 1852 receives a UK patent for the single piece, free standing, earthenware, trap plumed, flushing, water-closet.[425]
Links: George Jennings(George Jennings) | ([425])"
1852:,"1852: Robert Bunsen is the first to use a chemical vapor deposition technique.
Links: Robert Bunsen(Robert Bunsen) | Chemical vapor deposition(chemical vapor deposition)"
1852:,"1852: Elisha Otis invents the safety brake elevator.[426]
Links: Elisha Otis(Elisha Otis) | ([426])"
1852:,"1852: Henri Giffard becomes the first person to make a manned, controlled and powered flight using a dirigible.
Links: Henri Giffard(Henri Giffard) | Dirigible(dirigible)"
1853:,"1853: François Coignet invents reinforced concrete.
Links: Reinforced concrete(reinforced concrete)"
1855:,"1855: James Clerk Maxwell invents the first practical method for color photography, whether chemical or electronic.
Links: James Clerk Maxwell(James Clerk Maxwell) | Color photography(color photography)"
1855:,"1855: Henry Bessemer patents the Bessemer process for making steel, with improvements made by others over the following years.
Links: Henry Bessemer(Henry Bessemer) | Bessemer process(Bessemer process)"
1856:,"1856: Alexander Parkes invents parkesine, also known as celluloid, the first man-made plastic.
Links: Alexander Parkes(Alexander Parkes) | Parkesine(parkesine) | Celluloid(celluloid) | Plastic(plastic)"
1856:,"1856: James Harrison produces the world's first practical ice making machine and refrigerator using the principle of vapour compression in Geelong, Australia.[427]
Links: James Harrison (engineer)(James Harrison) | ([427])"
1856:,"1856: William Henry Perkin invents mauveine, the first synthetic dye.
Links: William Henry Perkin(William Henry Perkin) | Mauveine(mauveine) | Synthetic dye(synthetic dye)"
1857:,"1857: Heinrich Geissler invents the Geissler tube.
Links: Heinrich Geissler(Heinrich Geissler) | Geissler tube(Geissler tube)"
1857:,"1857: The phonautograph, the earliest known device for recording sound, is patented and invented by Frenchman Édouard-Léon Scott de Martinville.
Links: Phonautograph(phonautograph) | Édouard-Léon Scott de Martinville(Édouard-Léon Scott de Martinville)"
1859:,"1859: Gaston Planté invents the lead acid battery, the first rechargeable battery.
Links: Gaston Planté(Gaston Planté) | Lead-acid(lead acid battery) | Rechargeable battery(rechargeable battery)"
1860:,"1860: Joseph Swan produces carbon fibers.[428]
Links: Joseph Swan(Joseph Swan) | Carbon fibers(carbon fibers) | ([428])"
1864:,"1864: Louis Pasteur invents the pasteurization process.
Links: Louis Pasteur(Louis Pasteur) | Pasteurization(pasteurization)"
1865:,"1865: Carl Wilhelm Siemens and Pierre-Émile Martin invented the Siemens-Martin process for making steel.
Links: Carl Wilhelm Siemens(Carl Wilhelm Siemens) | Pierre-Émile Martin(Pierre-Émile Martin)"
1867:,"1867: Alfred Nobel invents dynamite, the first safely manageable explosive stronger than black powder.
Links: Alfred Nobel(Alfred Nobel) | Dynamite(dynamite) | Black powder(black powder)"
1867:,"1867: Lucien B. Smith invents barbed wire, which Joseph F. Glidden will modify in 1874, leading to the taming of the West and the end of the cowboys.
Links: Barbed wire(barbed wire) | Joseph F. Glidden(Joseph F. Glidden) | American frontier(the West)"
1872:,"1872: Polyvinyl chloride, more commonly known as vinyl, is synthesized by German chemist Eugen Baumann
Links: Polyvinyl chloride(Polyvinyl chloride) | Eugen Baumann(Eugen Baumann)"
1872:,"1872: J.E.T. Woods and J. Clark invented stainless steel. Harry Brearley was the first to commercialize it.[429]
Links: Stainless steel(stainless steel) | Harry Brearley(Harry Brearley) | ([429])"
1873:,"1873: Frederick Ransome invents the rotary kiln.
Links: Frederick Ransome(Frederick Ransome) | Rotary kiln(rotary kiln)"
1873:,"1873: William Crookes, a chemist, invents the Crookes radiometer as the by-product of some chemical research.
Links: William Crookes(William Crookes) | Crookes radiometer(Crookes radiometer)"
1873:,"1873: Zénobe Gramme invents the first commercial electrical generator, the Gramme machine.
Links: Zénobe Gramme(Zénobe Gramme) | Electrical generator(electrical generator) | Gramme machine(Gramme machine)"
1874:,"1874: Gustave Trouvé invents the first metal detector.
Links: Gustave Trouvé(Gustave Trouvé) | Metal detector(metal detector)"
1875:,"1875: Fyodor Pirotsky invents the first electric tram near Saint Petersburg, Russia.
Links: Fyodor Pirotsky(Fyodor Pirotsky) | Electric tram(electric tram) | Saint Petersburg, Russia(Saint Petersburg, Russia)"
1876:,"1876: Nicolaus August Otto invents the four-stroke cycle.
Links: Nicolaus August Otto(Nicolaus August Otto) | Four-stroke cycle(four-stroke cycle)"
1876:,"1876: Alexander Graham Bell has a patent granted for the telephone. However, other inventors before Bell had worked on the development of the telephone and the invention had several pioneers.[430]
Links: Alexander Graham Bell(Alexander Graham Bell) | Telephone(telephone) | ([430])"
1877:,"1877: Thomas Edison invents the first working phonograph.[431]
Links: Thomas Edison(Thomas Edison) | Phonograph(phonograph) | ([431])"
1878:,"1878: Henry Fleuss is granted a patent for the first practical rebreather.[432]
Links: Henry Fleuss(Henry Fleuss) | Rebreather(rebreather) | ([432])"
1878:,"1878: Lester Allan Pelton invents the Pelton wheel.
Links: Lester Allan Pelton(Lester Allan Pelton) | Pelton wheel(Pelton wheel)"
1879:,"1879: Joseph Swan and Thomas Edison both patent a functional incandescent light bulb. Some two dozen inventors had experimented with electric incandescent lighting over the first three-quarters of the 19th century but never came up with a practical design.[433] Swan's, which he had been working on since the 1860s, had a low resistance so was only suited for small installations. Edison designed a high-resistance bulb as part of a large-scale commercial electric lighting utility.[434][435][436]
Links: Joseph Swan(Joseph Swan) | Thomas Edison(Thomas Edison) | Incandescent light bulb(incandescent light bulb) | ([433]) | ([434]) | ([435]) | ([436])"
1881:,"1881: Nikolay Benardos presents carbon arc welding, the first practical arc welding method.[437]
Links: Nikolay Benardos(Nikolay Benardos) | Carbon arc welding(carbon arc welding) | Arc welding(arc welding) | ([437])"
1884:,"1884: Hiram Maxim invents the recoil-operated Maxim gun, ushering in the age of semi- and fully automatic firearms.
Links: Hiram Maxim(Hiram Maxim) | Recoil operation(recoil-operated) | Maxim gun(Maxim gun)"
1884:,"1884: Paul Vieille invents Poudre B, the first smokeless powder for firearms.
Links: Paul Vieille(Paul Vieille) | Poudre B(Poudre B) | Smokeless powder(smokeless powder)"
1884:,"1884: Sir Charles Parsons invents the modern steam turbine.
Links: Charles Algernon Parsons(Charles Parsons) | Steam turbine(steam turbine)"
1884:,"1884: Hungarian engineers Károly Zipernowsky, Ottó Bláthy and Miksa Déri invent the closed core high efficiency transformer and the AC parallel power distribution.
Links: Károly Zipernowsky(Károly Zipernowsky) | Ottó Bláthy(Ottó Bláthy) | Miksa Déri(Miksa Déri)"
1885:,"1885: John Kemp Starley invents the modern safety bicycle.[438][439]
Links: John Kemp Starley(John Kemp Starley) | Safety bicycle(safety bicycle) | ([438]) | ([439])"
1886:,"1886: Carl Gassner invents the zinc–carbon battery, the first dry cell battery, making portable electronics practical.
Links: Carl Gassner(Carl Gassner) | Zinc–carbon battery(zinc–carbon battery) | Dry cell(dry cell battery)"
1886:,"1886: Charles Martin Hall and independently Paul Héroult invent the Hall–Héroult process for economically producing aluminum in 1886.
Links: Charles Martin Hall(Charles Martin Hall) | Paul Héroult(Paul Héroult) | Hall–Héroult process(Hall–Héroult process)"
1886:,"1886: Karl Benz invents the first petrol or gasoline powered auto-mobile (car).[440]
Links: Karl Benz(Karl Benz) | ([440])"
1887:,"1887: Carl Josef Bayer invents the Bayer process for the production of alumina.
Links: Carl Josef Bayer(Carl Josef Bayer) | Bayer process(Bayer process)"
1887:,"1887: James Blyth invents the first wind turbine used for generating electricity.
Links: James Blyth (engineer)(James Blyth) | Wind turbine(wind turbine)"
1887:,"1887: John Stewart MacArthur, working in collaboration with brothers Dr. Robert and Dr. William Forrest, develops the process of gold cyanidation.
Links: John Stewart MacArthur(John Stewart MacArthur) | Gold cyanidation(gold cyanidation)"
1888:,"1888: John J. Loud invents the ballpoint pen.[441]
Links: John J. Loud(John J. Loud) | Ballpoint pen(ballpoint pen) | ([441])"
1888:,"1888: Thomas Edison and William Kennedy Dickson invent the Kinetoscope.[442]
Links: Thomas Edison(Thomas Edison) | William Kennedy Dickson(William Kennedy Dickson) | Kinetoscope(Kinetoscope) | ([442])"
1888:,"1888: Heinrich Hertz publishes a conclusive proof of James Clerk Maxwell's electromagnetic theory in experiments that also demonstrate the existence of radio waves. The effects of electromagnetic waves had been observed by many people before this but no usable theory explaining them existed until Maxwell.
Links: Heinrich Hertz(Heinrich Hertz) | James Clerk Maxwell(James Clerk Maxwell) | Radio wave(radio waves)"
1888:,"1888: The first practical pneumatic tire was made by Scotsman John Boyd Dunlop, the patent was from 1847 by Robert William Thomson
Links: Pneumatic tire(pneumatic tire) | John Boyd Dunlop(John Boyd Dunlop) | Robert William Thomson(Robert William Thomson)"
1890s:,"1890s: Frédéric Swarts invents the first chlorofluorocarbons to be applied as refrigerant.[443]
Links: Frédéric Swarts(Frédéric Swarts) | Chlorofluorocarbon(chlorofluorocarbons) | ([443])"
1890:,"1890: Robert Gair would invent the pre-cut cardboard box.[444]
Links: Robert Gair(Robert Gair) | Cardboard box(cardboard box) | ([444])"
1891:,"1891: Whitcomb Judson invents the zipper.
Links: Whitcomb Judson(Whitcomb Judson) | Zipper(zipper)"
1892:,"1892: Léon Bouly invents the cinematograph.
Links: Léon Bouly(Léon Bouly) | Cinematograph(cinematograph)"
1892:,"1892: Thomas Ahearn invents the electric oven.[445]
Links: Thomas Ahearn(Thomas Ahearn) | Electric stove(electric oven) | ([445])"
1893:,"1893: Rudolf Diesel invents the diesel engine (although Herbert Akroyd Stuart had experimented with compression ignition before Diesel).
Links: Rudolf Diesel(Rudolf Diesel) | Diesel engine(diesel engine) | Herbert Akroyd Stuart(Herbert Akroyd Stuart)"
1893:,"1893: William Stewart Halsted, invents the rubber glove for his wife Caroline Hampton as he noticed her hands were affected by the daily surgeries she had performed. The gloves were intended to prevent medical staff from developing dermatitis from surgical chemicals.[446][447][448] The first modern disposable glove was created by Ansell Rubber Co. Pty. Ltd. in 1965.[449][450][451]
Links: William Stewart Halsted(William Stewart Halsted) | Rubber glove(rubber glove) | Caroline Hampton(Caroline Hampton) | Dermatitis(dermatitis) | ([446]) | ([447]) | ([448]) | ([449]) | ([450]) | ([451])"
1895:,"1895: Guglielmo Marconi invents a system of wireless communication using radio waves.
Links: Guglielmo Marconi(Guglielmo Marconi)"
1895:,"1895: Wilhelm Conrad Röntgen invented the first radiograph (X-ray).
Links: Wilhelm Conrad Röntgen(Wilhelm Conrad Röntgen) | Xrays(X-ray)"
1897:,"1897: Surgical masks made of cloth were developed in Europe by physicians Jan Mikulicz-Radecki at the University of Breslau and Paul Berger in Paris, as a result of increasing awareness of germ theory and the importance of antiseptic procedures in medicine.[452]
Links: Surgical masks(Surgical masks) | Jan Mikulicz-Radecki(Jan Mikulicz-Radecki) | University of Breslau(University of Breslau) | Paul Berger (physician)(Paul Berger) | ([452])"
1898:,"1898: Hans von Pechmann synthesizes polyethylene, now the most common plastic in the world.[453]
Links: Hans von Pechmann(Hans von Pechmann) | Polyethylene(polyethylene) | Plastic(plastic) | ([453])"
1899:,"1899: Waldemar Jungner invents the rechargeable nickel-cadmium battery (NiCd) as well as the nickel-iron electric storage battery (NiFe) and the rechargeable alkaline silver-cadmium battery (AgCd)
Links: Waldemar Jungner(Waldemar Jungner) | Nickel-cadmium battery(nickel-cadmium battery) | Nickel-iron battery(nickel-iron electric storage battery) | Silver-cadmium battery(silver-cadmium battery)"
1900:,"1900: The first Zeppelin is designed by Theodor Kober.
Links: Zeppelin(Zeppelin) | Theodor Kober(Theodor Kober)"
1901:,"1901: The first motorized cleaner using suction, a powered ""vacuum cleaner"", is patented independently by Hubert Cecil Booth and David T. Kenney.[454]
Links: Vacuum cleaner(vacuum cleaner) | Hubert Cecil Booth(Hubert Cecil Booth) | David T. Kenney(David T. Kenney) | ([454])"
1903:,"1903: The first successful gas turbine is invented by Ægidius Elling.
Links: Gas turbine(gas turbine) | Ægidius Elling(Ægidius Elling)"
1903:,"1903: Édouard Bénédictus invents laminated glass.
Links: Laminated glass(laminated glass)"
1903:,"1903: First sustained and controlled heavier-than-air powered flight achieved by an airplane flown at Kitty Hawk, North Carolina by Orville and Wilbur Wright. See Claims to the first powered flight.
Links: Airplane(airplane) | Kitty Hawk, North Carolina(Kitty Hawk, North Carolina) | Orville and Wilbur Wright(Orville and Wilbur Wright) | Claims to the first powered flight(Claims to the first powered flight)"
1904:,"1904: The Fleming valve, the first vacuum tube and diode, is invented by John Ambrose Fleming.
Links: Fleming valve(Fleming valve) | Vacuum tube(vacuum tube) | Diode(diode) | John Ambrose Fleming(John Ambrose Fleming)"
1907:,"1907: The first free flight of a rotary-wing aircraft is carried out by Paul Cornu.
Links: Paul Cornu(Paul Cornu)"
1907:,"1907: Leo Baekeland invents bakelite,  the first plastic made from synthetic components.
Links: Leo Baekeland(Leo Baekeland) | Bakelite(bakelite) | Plastic(plastic)"
1907:,"1907: The tuyères thermopropulsives[455] after 1945 (Maurice Roy (fr)) known as the statoreacteur[455][456] a combustion subsonique (the ramjet)[457] – R. Lorin[458][459][460]
Links: ([455]) | fr:Maurice Roy (professeur)(Maurice Roy (fr)) | ([455]) | ([456]) | Ramjet(ramjet) | ([457]) | René Lorin(R. Lorin) | ([458]) | ([459]) | ([460])"
1908:,"1908: Cellophane is invented by Jacques E. Brandenberger.
Links: Cellophane(Cellophane) | Jacques E. Brandenberger(Jacques E. Brandenberger)"
1909:,"1909: Fritz Haber invents the Haber process.
Links: Fritz Haber(Fritz Haber) | Haber process(Haber process)"
1909:,"1909: The first instantaneous transmission of images, or television broadcast, is carried out by Georges Rignoux and A. Fournier.
Links: Television(television) | Georges Rignoux (page does not exist)(Georges Rignoux)"
1911:,"1911: The cloud chamber, the first particle detector, is invented by Charles Thomson Rees Wilson.
Links: Cloud chamber(cloud chamber) | Particle detector(particle detector) | Charles Thomson Rees Wilson(Charles Thomson Rees Wilson)"
1912:,"1912: The first commercial slot cars or more accurately model electric racing cars operating under constant power were made by Lionel (USA) and appeared in their catalogues in 1912.
Links: "
1912:,"1912: The first use of articulated trams by Boston Elevated Railway.
Links: Tram(trams) | Boston Elevated Railway(Boston Elevated Railway)"
1913:,"1913: The Bergius process is developed by Friedrich Bergius.
Links: Bergius process(Bergius process) | Friedrich Bergius(Friedrich Bergius)"
1913:,"1913: The Kaplan turbine is invented by Viktor Kaplan.
Links: Kaplan turbine(Kaplan turbine) | Viktor Kaplan(Viktor Kaplan)"
1915:,"1915: Harry Brearley invents a process to create Martensitic stainless steel, initially labelled Rustless Steel, later marketed as Staybrite, and AISI Type 420.[461]
Links: Harry Brearley(Harry Brearley) | Martensitic stainless steel(Martensitic stainless steel) | ([461])"
1915:,"1915: The first operational military tanks are designed in Great Britain and France. They are used in battle from 1916 and 1917 respectively. The designers in Great Britain are Walter Wilson and William Tritton and in France, Eugène Brillié. (Although it is known that vehicles incorporating at least some of the features of the tank were designed in a number of countries from 1903 onward, none reached a practical form.)
Links: Tanks(tanks) | Walter Gordon Wilson(Walter Wilson) | William Tritton(William Tritton) | Eugène Brillié(Eugène Brillié)"
1916:,"1916: The Czochralski process, widely used for the production of single crystal silicon, is invented by Jan Czochralski.
Links: Czochralski process(Czochralski process) | Silicon(silicon) | Jan Czochralski(Jan Czochralski)"
1917:,"1917: The crystal oscillator is invented by Alexander M. Nicholson using a crystal of Rochelle Salt although his priority was disputed by Walter Guyton Cady.
Links: Crystal oscillator(crystal oscillator) | Alexander M. Nicholson(Alexander M. Nicholson) | Rochelle Salt(Rochelle Salt) | Walter Guyton Cady(Walter Guyton Cady)"
1925:,"1925: The Fischer–Tropsch process is developed by Franz Fischer and Hans Tropsch at the Kaiser-Wilhelm-Institut für Kohlenforschung.
Links: Fischer–Tropsch process(Fischer–Tropsch process) | Franz Joseph Emil Fischer(Franz Fischer) | Hans Tropsch(Hans Tropsch) | Max Planck Institute for Coal Research(Kaiser-Wilhelm-Institut für Kohlenforschung)"
1926:,"1926: The Yagi-Uda Antenna or simply Yagi Antenna is invented by Shintaro Uda of Tohoku Imperial University, assisted by his colleague Hidetsugu Yagi. The Yagi Antenna was widely used during World War II. After the war they saw extensive development as home television antennas.
Links: Yagi-Uda Antenna(Yagi-Uda Antenna) | Shintaro Uda(Shintaro Uda) | Tohoku Imperial University(Tohoku Imperial University) | Hidetsugu Yagi(Hidetsugu Yagi) | World War II(World War II) | Television antennas(television antennas)"
1926:,"1926: Robert H. Goddard launches the first liquid fueled rocket.
Links: Robert H. Goddard(Robert H. Goddard) | Bipropellant rocket(liquid fueled rocket)"
1926:,"1926: Harry Ferguson, patents the Three-point hitch equipment linkage system for tractors.[462]
Links: Harry Ferguson(Harry Ferguson) | Three-point hitch(Three-point hitch) | ([462])"
1926:,"1926: John Logie Baird demonstrates the world's first live working television system.[463][464][465]
Links: John Logie Baird(John Logie Baird) | Mechanical television(television) | ([463]) | ([464]) | ([465])"
1927:,"1927: The quartz clock is invented by Warren Marrison and J.W. Horton at Bell Telephone Laboratories.[466]
Links: Quartz clock(quartz clock) | Bell Telephone Laboratories(Bell Telephone Laboratories) | ([466])"
1928:,"1928: Penicillin is first observed to exude antibiotic substances by Nobel laureate Alexander Fleming. Development of medicinal penicillin is attributed to a team of medics and scientists including Howard Walter Florey, Ernst Chain and Norman Heatley.
Links: Penicillin(Penicillin) | Alexander Fleming(Alexander Fleming) | Howard Walter Florey(Howard Walter Florey) | Ernst Chain(Ernst Chain) | Norman Heatley(Norman Heatley)"
1928:,"1928: Frank Whittle formally submitted his ideas for a turbo-jet engine. In October 1929, he developed his ideas further.[467] On 16 January 1930, Whittle submitted his first patent (granted in 1932).[468]
Links: Frank Whittle(Frank Whittle) | ([467]) | ([468])"
1928:,"1928: Philo Farnsworth demonstrates the first practical electronic television to the press.
Links: Philo Farnsworth(Philo Farnsworth) | Electronic television(electronic television)"
1929:,"1929: The ball screw is invented by Rudolph G. Boehm.
Links: Ball screw(ball screw)"
1930:,"1930: The Supersonic combusting ramjet — Frank Whittle.[citation needed]
Links: Supersonic combusting ramjet(Supersonic combusting ramjet) | Frank Whittle(Frank Whittle) | Wikipedia:Citation needed(citation needed)"
1930:,"1930: The Phase-contrast microscopy is invented by Frits Zernike.
Links: Phase-contrast microscopy(Phase-contrast microscopy) | Frits Zernike(Frits Zernike)"
1931:,"1931: The electron microscope is invented by Ernst Ruska.
Links: Electron microscope(electron microscope) | Ernst Ruska(Ernst Ruska)"
1933:,"1933: FM radio is patented by inventor Edwin H. Armstrong.
Links: FM radio(FM radio) | Edwin H. Armstrong(Edwin H. Armstrong)"
1933:,"1933: Harry C. Jennings Sr. and Herbert Everest, both mechanical engineers, invented the first lightweight, steel, folding, portable wheelchair with their ""X-brace"" design.[469][470]
Links: Everest and Jennings(Harry C. Jennings Sr. and Herbert Everest) | Mechanical engineer(mechanical engineers) | Wheelchair(wheelchair) | ([469]) | ([470])"
1935:,"1935: Nylon, the first fully synthetic fiber is produced by Wallace Carothers while working at DuPont.[471]
Links: Nylon(Nylon) | Synthetic fiber(synthetic fiber) | Wallace Carothers(Wallace Carothers) | DuPont(DuPont) | ([471])"
1938:,"1938: Z1, built by Konrad Zuse, is the first freely programmable computer in the world.
Links: Z1 (computer)(Z1) | Konrad Zuse(Konrad Zuse) | Computer(computer)"
1938:,"1938: Nuclear fission discovered in experiment by chemists Otto Hahn and Fritz Strassmann and physicists Lise Meitner and Otto Robert Frisch. The German nuclear energy project was based on this research. The Tube Alloys project and, subsequently, the Manhattan Project and the Soviet atomic bomb project were influenced by this research.
Links: Nuclear fission(Nuclear fission) | Otto Hahn(Otto Hahn) | Fritz Strassmann(Fritz Strassmann) | Lise Meitner(Lise Meitner) | Otto Robert Frisch(Otto Robert Frisch) | German nuclear energy project(German nuclear energy project) | Tube Alloys(Tube Alloys) | Manhattan Project(Manhattan Project) | Soviet atomic bomb project(Soviet atomic bomb project)"
1939:,"1939: G. S. Yunyev or Naum Gurvich invented the electric current defibrillator
Links: Naum Gurvich(Naum Gurvich) | Defibrillation(defibrillator)"
1940:,"1940: Pu-239 isotope (isotope of plutonium)[472][473] a form of matter existing with the capacity for use as a destructive element[474] (because the isotope has an exponentially increasing[472] spontaneous[475] fissile decay[476]) within nuclear devices — Glenn Seaborg.[473]
Links: Isotopes of plutonium(Pu-239 isotope) | Plutonium(plutonium) | ([472]) | ([473]) | ([474]) | ([472]) | ([475]) | Spontaneous fission(fissile) | ([476]) | Nuclear devices(nuclear devices) | Glenn Seaborg(Glenn Seaborg) | ([473])"
1940:,"1940: John Randall and Harry Boot would develop the high power, microwave generating, cavity magnetron, later applied to commercial Radar and Microwave oven appliances.[477]
Links: John Randall (physicist)(John Randall) | Harry Boot(Harry Boot) | Cavity magnetron(cavity magnetron) | Radar(Radar) | Microwave oven(Microwave oven) | ([477])"
1941:,"1941: Polyester is invented by John Rex Whinfield and James Dickson.[478]
Links: Polyester(Polyester) | John Rex Whinfield(John Rex Whinfield) | ([478])"
1942:,"1942: The V-2 rocket, the world's first long range ballistic missile, developed by engineer Wernher von Braun.
Links: V-2 rocket(V-2 rocket) | Ballistic missile(ballistic missile) | Wernher von Braun(Wernher von Braun)"
1944:,"1944: The non-infectious viral vaccine is perfected by Dr. Jonas Salk and Thomas Francis.[479]
Links: ([479])"
1945:,"1945: The atomic bomb is developed by the Manhattan Project and swiftly used in August 1945 in the atomic bombings of Hiroshima and Nagasaki, effectively ending World War II.
Links: Manhattan Project(Manhattan Project) | Atomic bombings of Hiroshima and Nagasaki(atomic bombings of Hiroshima and Nagasaki) | World War II(World War II)"
1945:,"1945: Percy Spencer, while employed at Raytheon, would patent a magnetron based microwave oven.[480]
Links: Percy Spencer(Percy Spencer) | Raytheon(Raytheon) | Microwave oven(microwave oven) | ([480])"
1945:,"1945: Willard Libby began his work on radiocarbon dating. He published his paper in 1946,[481][482] a second paper in Science in 1947.[481][483] Libby and James Arnold succeeded with the radiocarbon dating theory after results were published in Science in December 1949.[484][485]
Links: Willard Libby(Willard Libby) | Radiocarbon dating(radiocarbon dating) | ([481]) | ([482]) | Science (journal)(Science) | ([481]) | ([483]) | James R. Arnold(James Arnold) | ([484]) | ([485])"
1946:,"1946: James Martin invents the ejector seat, inspired by the death of his friend and test pilot Captain Valentine Baker in an aeroplane crash in 1942.
Links: James Martin (engineer)(James Martin) | Ejector seat(ejector seat) | Valentine Baker (pilot)(Valentine Baker)"
1947:,"1947: Holography is invented by Dennis Gabor.
Links: Holography(Holography) | Dennis Gabor(Dennis Gabor)"
1947:,"1947: Floyd Farris and J.B. Clark (Stanolind Oil and Gas Corporation) invents hydraulic fracturing technology.[486]
Links: Stanolind Oil and Gas Corporation(Stanolind Oil and Gas Corporation) | Hydraulic fracturing(hydraulic fracturing) | ([486])"
1947:,"1947: The first transistor, a bipolar point-contact transistor, is invented by John Bardeen and Walter Brattain under the supervision of William Shockley at Bell Labs.
Links: Transistor(transistor) | Point-contact transistor(point-contact transistor) | John Bardeen(John Bardeen) | Walter Brattain(Walter Brattain) | William Shockley(William Shockley) | Bell Labs(Bell Labs)"
1948:,"1948: The first atomic clock is developed at the National Bureau of Standards.
Links: Atomic clock(atomic clock) | National Bureau of Standards(National Bureau of Standards)"
1948:,"1948: Basic oxygen steelmaking is developed by Robert Durrer. The majority of steel manufactured in the world is produced using the basic oxygen furnace; in 2000, it accounted for 60% of global steel output.[487]
Links: Basic oxygen steelmaking(Basic oxygen steelmaking) | Robert Durrer(Robert Durrer) | ([487])"
1950:,"1950: Bertie the Brain, debatably the first video game, is displayed to the public at the Canadian National Exhibition.
Links: Bertie the Brain(Bertie the Brain) | Video game(video game) | Canadian National Exhibition(Canadian National Exhibition)"
1950:,"1950: The Toroidal chamber with axial magnetic fields (the Tokamak) is developed by Igor E. Tamm and Andrei D. Sakharov.[488]
Links: Tokamak(Tokamak) | Igor E. Tamm(Igor E. Tamm) | Andrei D. Sakharov(Andrei D. Sakharov) | ([488])"
1952:,"1952: The float glass process is developed by Alastair Pilkington.[489]
Links: Float glass(float glass process) | Alastair Pilkington(Alastair Pilkington) | ([489])"
1952:,"1952: The first thermonuclear weapon is developed.
Links: Thermonuclear weapon(thermonuclear weapon)"
1953:,"1953: The first video tape recorder, a helical scan recorder, is invented by Norikazu Sawazaki.
Links: Video tape recorder(video tape recorder)"
1954:,"1954: Invention of the solar battery by Bell Telephone scientists, Calvin Souther Fuller, Daryl Chapin and Gerald Pearson capturing the Sun's power. First practical means of collecting energy from the Sun and turning it into a current of electricity.
Links: Calvin Souther Fuller(Calvin Souther Fuller)"
1955:,"1955: The hovercraft is patented by Christopher Cockerell.
Links: Hovercraft(hovercraft) | Christopher Cockerell(Christopher Cockerell)"
1955:,"1955: The intermodal container is developed by Malcom McLean.
Links: Intermodal container(intermodal container) | Malcom McLean(Malcom McLean)"
1956:,"1956: The hard disk drive is invented by IBM.[490]
Links: Hard disk drive(hard disk drive) | IBM(IBM) | ([490])"
1956:,"1956: The Logic Theorist computer program, the first ""artificial intelligence program"", was written and invented by Allen Newell, Herbert A. Simon, and Cliff Shaw.[491]
Links: Logic Theorist(Logic Theorist) | Allen Newell(Allen Newell) | Herbert A. Simon(Herbert A. Simon) | Cliff Shaw(Cliff Shaw) | ([491])"
1957:,"1957: The laser and optical amplifier are invented and named by Gordon Gould and Charles Townes. The laser and optical amplifier are foundational to powering the Internet.[492]
Links: Laser(laser) | Optical amplifier(optical amplifier) | Gordon Gould(Gordon Gould) | Charles H. Townes(Charles Townes) | Internet(Internet) | ([492])"
1957:,"1957: The first personal computer used by one person and controlled by a keyboard, the IBM 610, is invented by IBM.
Links: Personal computer(personal computer) | History of personal computers(IBM 610) | IBM(IBM)"
1957:,"1957: The first artificial satellite, Sputnik 1, is launched.
Links: Satellite(satellite) | Sputnik 1(Sputnik 1)"
1958 – 1959:,"1958 – 1959: The integrated circuit is independently invented by Jack Kilby and Robert Noyce.
Links: Integrated circuit(integrated circuit) | Invention of the integrated circuit(independently invented) | Jack Kilby(Jack Kilby) | Robert Noyce(Robert Noyce)"
1959:,"1959: The MOSFET (MOS transistor) is invented by the Egyptian Mohamed Atalla and the Korean Dawon Kahng at Bell Labs. It is used in almost all modern electronic products. It was smaller, faster, more reliable and cheaper to manufacture than earlier bipolar transistors, leading to a revolution in computers, controls and communication.[493][494][495]
Links: MOSFET(MOSFET) | Mohamed Atalla(Mohamed Atalla) | Dawon Kahng(Dawon Kahng) | Electronic product(electronic products) | ([493]) | ([494]) | ([495])"
1960:,"1960: The first functioning laser is invented by Theodore Maiman.
Links: Laser(laser) | Theodore Maiman(Theodore Maiman)"
1963:,"1963: The first electronic cigarette is created by Herbert A. Gilbert. Hon Lik is often credited with its invention as he developed the modern electronic cigarette and was the first to commercialize it.
Links: Electronic cigarette(electronic cigarette) | Hon Lik(Hon Lik)"
1964:,"1964: Shinkansen, the first high-speed rail commercial passenger service.
Links: Shinkansen(Shinkansen) | High-speed rail(high-speed rail)"
1965:,"1965: Kevlar is invented by Stephanie Kwolek at DuPont.
Links: Kevlar(Kevlar) | Stephanie Kwolek(Stephanie Kwolek) | DuPont(DuPont)"
1969:,"1969: The NPL network followed by the ARPANET implement packet switching for data communication,[496][497] drawing on the concepts and designs of Donald Davies,[498][499][500] and Paul Baran.[501] These are considered precursors to the modern Internet.[498][501]
Links: NPL network(NPL network) | ARPANET(ARPANET) | Packet switching(packet switching) | Data communication(data communication) | ([496]) | ([497]) | Donald Davies(Donald Davies) | ([498]) | ([499]) | ([500]) | Paul Baran(Paul Baran) | ([501]) | Internet(Internet) | ([498]) | ([501])"
1970s:,"1970s: Public-key cryptography is invented and developed by James H. Ellis, Clifford Cocks, Malcolm J. Williamson, Whitfield Diffie, Martin Hellman, Ralph Merkle, Ron Rivest, Adi Shamir, Leonard Adleman, et al.
Links: Public-key cryptography(Public-key cryptography) | James H. Ellis(James H. Ellis) | Clifford Cocks(Clifford Cocks) | Malcolm J. Williamson(Malcolm J. Williamson) | Whitfield Diffie(Whitfield Diffie) | Martin Hellman(Martin Hellman) | Ralph Merkle(Ralph Merkle) | Ron Rivest(Ron Rivest) | Adi Shamir(Adi Shamir) | Leonard Adleman(Leonard Adleman)"
1970:,"1970: The pocket calculator is invented.
Links: Calculator(pocket calculator)"
1971:,"1971: The first single-chip microprocessor, the Intel 4004, is invented. Its development was led by Federico Faggin, using his silicon-gate MOS technology. This led to the personal computer (PC) revolution.[502]
Links: Microprocessor(microprocessor) | Intel 4004(Intel 4004) | Federico Faggin(Federico Faggin) | Silicon-gate(silicon-gate) | MOSFET(MOS) | Personal computer(personal computer) | ([502])"
1971:,"1971: The first space station, Salyut 1, is launched.
Links: Space station(space station) | Salyut 1(Salyut 1)"
1971:,"1971: IBM developed and released the world's first floppy disk and disk drive.[503]
Links: IBM(IBM) | Floppy disk(floppy disk) | Disk drive(disk drive) | ([503])"
1972:,"1972: The first video game console, used primarily for playing video games on a TV, is the Magnavox Odyssey.[504]
Links: Video game console(video game console) | Magnavox Odyssey(Magnavox Odyssey) | ([504])"
1973:,"1973: The first fiber optic communication systems were developed by Optelecom.[505]
Links: Optelecom(Optelecom) | ([505])"
1973:,"1973: The first commercial graphical user interface is introduced in 1973 on the Xerox Alto. The modern GUI is later popularized by the Xerox Star and Apple Lisa.
Links: Graphical user interface(graphical user interface) | Xerox Alto(Xerox Alto) | Xerox Star(Xerox Star) | Apple Lisa(Apple Lisa)"
1973:,"1973: The first capacitive touchscreen is developed at CERN.
Links: Touchscreen(capacitive touchscreen) | CERN(CERN)"
1974:,"1974: The Transmission Control Program is proposed by Vinton Cerf and Robert E. Kahn, building on the work of Louis Pouzin and other Internet pioneers, creating the basis for the modern Internet.[506][507]
Links: Transmission Control Program(Transmission Control Program) | Vinton Cerf(Vinton Cerf) | Robert E. Kahn(Robert E. Kahn) | Louis Pouzin(Louis Pouzin) | Internet pioneer(Internet pioneers) | Internet(Internet) | ([506]) | ([507])"
1974:,"1974: The lithium-ion battery is invented by M. Stanley Whittingham, and further developed in the 1980s and 1990s by John B. Goodenough, Rachid Yazami and Akira Yoshino. It has impacted modern consumer electronics and electric vehicles.[508]
Links: Lithium-ion battery(lithium-ion battery) | M. Stanley Whittingham(M. Stanley Whittingham) | John B. Goodenough(John B. Goodenough) | Rachid Yazami(Rachid Yazami) | Akira Yoshino(Akira Yoshino) | Consumer electronics(consumer electronics) | Electric vehicle(electric vehicles) | ([508])"
1974:,"1974: The Rubik's cube is invented by Ernő Rubik which went on to be the best selling puzzle ever.[509]
Links: Rubik's Cube(Rubik's cube) | Ernő Rubik(Ernő Rubik) | Puzzle(puzzle) | ([509])"
1977:,"1977: Dr Walter Gilbert and Frederick Sanger invented a new DNA sequencing method for which they won the Nobel Prize.[510]
Links: DNA sequencing(DNA sequencing) | Nobel Prize(Nobel Prize) | ([510])"
1977:,"1977: The first self-driving car that did not rely upon rails or wires under the road is designed by the Tsukuba Mechanical Engineering Laboratory.[511]
Links: Self-driving car(self-driving car) | ([511])"
1978:,"1978: The Global Positioning System (GPS) enters service. While not the first Satellite navigation system, it is the first to enter widespread civilian use.
Links: Global Positioning System(Global Positioning System) | Satellite navigation(Satellite navigation)"
1979:,"1979: The first handheld game console with interchangeable game cartridges, the Microvision is released.
Links: Microvision(Microvision)"
1979:,"1979: Nippon Telegraph and Telephone (NTT) launched the first cellular network in Japan.[512]
Links: Nippon Telegraph and Telephone(Nippon Telegraph and Telephone) | ([512])"
1979:,"1979: Public dialup information, messaging and e-commerce services, were pioneered through CompuServe and RadioShack's MicroNET, and the UK's Post Office Telecommunications Prestel services.[513][514]
Links: CompuServe(CompuServe) | RadioShack(RadioShack) | Post Office Telecommunications(Post Office Telecommunications) | Prestel(Prestel) | ([513]) | ([514])"
1980:,"1980: Flash memory (both NOR and NAND types) was invented by Fujio Masuoka while working for Toshiba. It was formally introduced to the public in 1984.
Links: Flash memory(Flash memory) | Fujio Masuoka(Fujio Masuoka) | Toshiba(Toshiba)"
1980:,"1980: Scientists Mark Skolnick, Ron Davis, Ray White, and David Botstein published their findings on a gene mapping tool using Restriction Fragment-length Polymorphisms (RFLP), that would have applications to identify heritable disorders, including some forms of cancer.[515][516][517]
Links: Mark Skolnick(Mark Skolnick) | David Botstein(David Botstein) | Restriction fragment length polymorphism(Restriction Fragment-length Polymorphisms) | ([515]) | ([516]) | ([517])"
1981:,"1981: The first reusable spacecraft, the Space Shuttle undergoes test flights ahead of full operation in 1982.
Links: Reusable spacecraft(reusable spacecraft) | Space Shuttle(Space Shuttle)"
1981:,"1981: Kane Kramer develops the credit card-sized, IXI digital media player.[518]
Links: Kane Kramer(Kane Kramer) | Portable media player(digital media player) | ([518])"
1981:,"1981: Televerket, a Swedish state-owned corporation, launched the Nordic Mobile Telephone (NMT) system.[519][520][521]
Links: Televerket (Sweden)(Televerket) | Nordic Mobile Telephone(Nordic Mobile Telephone) | ([519]) | ([520]) | ([521])"
1981:,"1981: Comvik, a Swedish telecommunications company, launched the first commercial automatic cellular system. However, according to the Swedish Post and Telecom Authority, the company launched an unlicensed automatic system. Comvik didn’t receive a license to operate until December 1981, two months after the NMT system was launched.[522][523]
Links: Comviq(Comvik) | Swedish Post and Telecom Authority(Swedish Post and Telecom Authority) | ([522]) | ([523])"
1982:,"1982: A CD-ROM contains data accessible to, but not writable by, a computer for data storage and music playback. The 1985 Yellow Book standard developed by Sony and Philips adapted the format to hold any form of binary data.[524]
Links: CD-ROM(CD-ROM) | Computer data storage(data) | Sony(Sony) | Philips(Philips) | Binary file(binary data) | ([524])"
1982:,"1982: Direct to home satellite television transmission, with the launch of Sky One service.[525]
Links: Satellite television(satellite television) | Sky One(Sky One) | ([525])"
1982:,"1982: The first laptop computer is launched, the 8/16-bit Epson HX-20.[526]
Links: Laptop(laptop) | Epson HX-20(Epson HX-20) | ([526])"
1983:,"1983: Stereolithography is invented by Chuck Hull.[527]
Links: Stereolithography(Stereolithography) | Chuck Hull(Chuck Hull) | ([527])"
1983:,"1983: Ameritech, now known as AT&T, commercialized the Bell System (its cellular network) in Chicago, Ill.[528][529]
Links: AT&T(AT&T) | Bell System(Bell System) | ([528]) | ([529])"
1984:,"1984: The first commercially available cell phone in the US, the DynaTAC 8000X, is created by Motorola.
Links: Cell phone(cell phone) | Motorola DynaTAC(DynaTAC) | Motorola(Motorola)"
1984:,"1984: DNA profiling is pioneered by Alec Jeffreys.[530][531]
Links: DNA profiling(DNA profiling) | Alec Jeffreys(Alec Jeffreys) | ([530]) | ([531])"
1986:,"1986: Technophone, a British mobile phone company, created the first pocket-sized cell phone, the Excell PCT105.[532][533]
Links: Technophone(Technophone) | Excel mobile phones(Excell PCT105) | ([532]) | ([533])"
1989:,"1989: Karlheinz Brandenburg would publish the audio compression algorithms that would be standardised as the: MPEG-1, layer 3 (mp3), and later the MPEG-2, layer 7 Advanced Audio Compression (AAC).[534]
Links: Karlheinz Brandenburg(Karlheinz Brandenburg) | MP3(mp3) | ([534])"
1989:,"1989: The World Wide Web is invented by computer scientist Tim Berners-Lee.[535][536]
Links: World Wide Web(World Wide Web) | Tim Berners-Lee(Tim Berners-Lee) | ([535]) | ([536])"
1990:,"1990: The Neo Geo AES becomes the first video game system to launch that used Memory Cards.
Links: Neo Geo AES(Neo Geo AES) | Memory Cards(Memory Cards)"
1990:,"1990: The first search engine invented was “Archie”, created by Alan Emtage a student at McGill University in Montreal.
Links: Archie (search engine)(Archie)"
1991:,"1991: The first commercial flash-based solid-state drive is launched by SunDisk.[537]
Links: Solid-state drive(solid-state drive) | SanDisk(SunDisk) | ([537])"
1991:,"1991: The first sim card is developed by Munich smart-card maker Giesecke & Devrient.
Links: Sim card(sim card)"
1993:,"1993: IBM created the first mobile app with SIMON; it had 10 built-in apps from Email to Calendar.
Links: "
1994:,"1994: IBM Simon, the world's first smartphone, is developed by IBM.
Links: IBM Simon(IBM Simon) | IBM(IBM)"
1994:,"1994: First generation of Bluetooth is developed by Ericsson Mobile. A form of data communication on short distances between electronic devices.
Links: Bluetooth(Bluetooth) | Ericsson Mobile(Ericsson Mobile)"
1994:,"1994: A Tetris variant on the Hagenuk MT-2000 device becomes the first mobile game.
Links: Tetris(Tetris) | Hagenuk MT-2000(Hagenuk MT-2000)"
1995:,"1995: DVD is an optical disc storage format, invented and developed by Philips, Sony, Toshiba, and Panasonic in 1995. DVDs offer higher storage capacity than compact discs while having the same dimensions.
Links: DVD(DVD) | Optical disc(optical disc) | Data storage device(storage) | Philips(Philips) | Sony(Sony) | Toshiba(Toshiba) | Panasonic(Panasonic) | Compact disc(compact discs)"
1995:,"1995: Match.com launches as the first dating site ever and is the number 1 most visited dating site in the US.
Links: Match.com(Match.com)"
1995:,"1995: Waiter.com launches as the first online food ordering service.
Links: Waiter.com(Waiter.com) | Online food ordering(online food ordering)"
1996:,"1996: The Ciena Corporation, in partnership with Sprint, deployed the first commercial dense wavelength-division multiplexing system, which created the massive capacity of the Internet.[538][539][540]
Links: Ciena(Ciena Corporation) | Sprint Corporation(Sprint) | Wavelength-division multiplexing(wavelength-division multiplexing system) | ([538]) | ([539]) | ([540])"
1996:,"1996: Mobile web was first commercially offered in Finland on the Nokia 9000 Communicator phone, and it was also the first phone with texting.
Links: Nokia 9000 Communicator(Nokia 9000 Communicator)"
1996:,"1996: Bolt and Six Degrees (1997) both become the first social media sites.
Links: Bolt (website)(Bolt) | SixDegrees.com(Six Degrees)"
1996:,"1996: Myriad Genetics released the BRACAnalysis, the first commercial genetic test for assessing the risk of hereditary breast and ovarian cancer.[541][542]
Links: Myriad Genetics(Myriad Genetics) | ([541]) | ([542])"
1997:,"1997: The first weblog, a discussion or informational website, was created by Jorn Barger, and later shortened to ""blog"" in 1999 by Peter Merholz.
Links: Jorn Barger(Jorn Barger)"
1998:,"1998: The first portable MP3 player was released by SaeHan Information Systems.
Links: MP3 player(MP3 player)"
1998:,"1998:  The search engine Google, is launched.[543]
Links: Google Search(Google) | ([543])"
1999:,"1999: The first digital video recorder (DVR), the TiVo, is launched by Xperi.
Links: Digital video recorder(digital video recorder) | TiVo(TiVo) | Xperi(Xperi)"
1999:,"1999: NTT DoCoMo launches i-mode, the first integrated Online App store for mobile phones.
Links: NTT Docomo(NTT DoCoMo) | I-mode(i-mode) | App store(Online App store)"
2000:,"2000: Sony develops the first prototypes for the Blu-ray optical disc format. The first prototype player was released in 2004.
Links: Sony(Sony) | Blu-ray(Blu-ray)"
2000:,"2000: First documented placement of Geocaching, an outdoor recreational activity, in which participants use a Global Positioning System (GPS) receiver or mobile device and other navigational techniques to hide and seek containers, took place on May 3, 2000, by Dave Ulmer of Beavercreek, Oregon.
Links: Geocaching(Geocaching) | Beavercreek, Oregon(Beavercreek, Oregon)"
2004:,"2004: First podcast, invented by Adam Curry and Dave Winer, is a program made available in digital format for download over the Internet and it usually features one or more recurring hosts engaged in a discussion about a particular topic or current event.[544][545][546]
Links: Podcast(podcast) | Radio program(program) | Download(download) | ([544]) | ([545]) | ([546])"
2005:,"2005: YouTube, the first popular video-streaming site, was founded
Links: YouTube(YouTube)"
2007:,"2007: Netflix debuted the first popular video-on-demand service
Links: Netflix(Netflix)"
2007:,"2007: Apple Inc. released the iPhone
Links: Apple Inc.(Apple Inc.) | IPhone(iPhone)"
2007:,"2007: The Bank of Scotland develops the world's first banking app
Links: Bank of Scotland(Bank of Scotland)"
2007:,"2007: SoundCloud, the first on-demand service to focus on music is debuted
Links: SoundCloud(SoundCloud)"
2007:,"2007: First Kindle introduced by Amazon (company) founder and CEO Jeff Bezos, who instructed the company's employees to build the world's best e-reader before Amazon's competitors could. Amazon originally used the codename Fiona for the device. This hardware evolved from the original Kindle introduced in 2007 and the Kindle DX (with its larger 9.7"" screen) introduced in 2009.[547]
Links: Amazon Kindle(Kindle) | Amazon (company)(Amazon (company)) | ([547])"
2008:,"2008: Satoshi Nakamoto develops the first blockchain.[548]
Links: Satoshi Nakamoto(Satoshi Nakamoto) | Blockchain(blockchain) | ([548])"
2010:,"2010: The first solar sail based spacecraft, IKAROS.[549]
Links: Solar sail(solar sail) | IKAROS(IKAROS) | ([549])"
2010:,"2010: The first quantum machine[550]
Links: Quantum machine(quantum machine) | ([550])"
2010:,"2010: The first synthetic organism, Mycoplasma laboratorium is created by the J. Craig Venter Institute
Links: Synthetic biology(synthetic organism) | Mycoplasma laboratorium(Mycoplasma laboratorium) | J. Craig Venter Institute(J. Craig Venter Institute)"
2011:,"2011: HIV treatment as prevention (HPTN 052)[551]
Links: HPTN 052(HPTN 052) | ([551])"
2013:,"2013: Cancer immunotherapy[552]
Links: Cancer immunotherapy(Cancer immunotherapy) | ([552])"
2015:,"2015: CRISPR genome-editing method[553]
Links: CRISPR(CRISPR) | ([553])"
2017:,"2017: Google publishes a research paper ""Attention Is All You Need"" leading to the development into a new deep learning architecture known as the transformer.[554]
Links: Google(Google) | Attention Is All You Need(Attention Is All You Need) | Transformer (deep learning architecture)(transformer) | ([554])"
2018:,"2018: Single-cell sequencing[555]
Links: Single-cell sequencing(Single-cell sequencing) | ([555])"
2019:,"2019: IBM launches IBM Q System One, its first integrated quantum computing system for commercial use.
Links: IBM(IBM) | IBM Q System One(IBM Q System One) | Quantum computing(quantum computing)"
2020:,"2020: The first MRNA vaccine to be approved by public health medicines regulators is co-developed by Pfizer and BioNTech for COVID-19.[556]
Links: MRNA vaccine(MRNA vaccine) | Pfizer(Pfizer) | BioNTech(BioNTech) | COVID-19(COVID-19) | ([556])"
2020:,"2020: OpenAI demonstrated an Artificial Intelligence model called GPT-3. The program was created to generate human-like responses when given prompts.[557]
Links: OpenAI(OpenAI) | Artificial intelligence(Artificial Intelligence) | GPT-3(GPT-3) | ([557])"
2021:,"2021: Pfizer develops the world's first pill for COVID.
Links: Pfizer(Pfizer) | Paxlovid(the world's first pill) | COVID-19(COVID)"
2022:,"2022: ChatGPT is launched to the public, making its first mainstream generative AI to be released.
Links: ChatGPT(ChatGPT) | Generative AI(generative AI)"
