Year,Content
3.3 Mya – 2.6 Mya:,Stone tools - found in modern-day Kenya are older and only found on the archetype road. Ancient stone tools from Ethiopia (Oldowan) were hand-crafted by Australopithecus or related people.[1][2][further explanation needed]
2.3 Mya:,"Earliest likely control of fire and cooking, by Homo habilis[3][4][5]"
1.76 Mya:,Advanced (Acheulean) stone tools in Kenya by Homo erectus[6][7]
1.75 Mya – 150 kya:,Varying estimates for the origin of language[8][9]
1.5 Mya:,Bone tools in Africa by Homo erectus and/or Paranthropus boisei[10][11][12]
900 kya – 40 kya:,Boats[13][14]
500 kya:,Hafting in South Africa by Homo heidelbergensis[15]
500 kya – 450 kya:,"Woodworking construction in Zambia by Homo heidelbergensis[16] (The oldest known surviving buildings are made from stone and date back no more than 9,500 years.[17])"
420 – 200 kya:,"Food storage in the form of uncracked bones saved for their marrow in Qesem cave, Palestine.[18]"
400 kya:,Pigments in Zambia by Homo heidelbergensis[19]
400 kya – 300 kya:,Spears in Germany[20][21] likely by Homo heidelbergensis
320 kya:,"The trade and long-distance transportation of resources (e.g. obsidian), use of pigments, and possible making of projectile points in Kenya[22][23][24]"
279 kya:,Hafting and early stone-tipped projectile weapons in Ethiopia[25]
200 kya:,"Simple glue (adhesive) made of one kind of material, birch tar, in Central Italy by Neanderthals.[26]"
200 kya:,Beds in South Africa.[27][28][29]
170 kya – 90 kya:,"Clothing, among anatomically modern humans in Africa. Genetic evidence from body lice suggests a range of dates centering over 100 thousand years ago.[30] The first bone scrapers appropriate for scraping hides to make supple leather were found in Morocco dating to 90–120,000 years ago.[31][32]"
164 kya – 47 kya:,Heat treating of stone blades in South Africa.[33]
135 kya – 100 kya:,Beads in Palestine and Algeria[34]
100 kya:,Compound paints made in South Africa[35][36][37]
100 kya:,Funerals (in the form of burial) in Palestine[38]
90 kya:,Harpoons in the Democratic Republic of the Congo.[39]
70 kya – 60 kya,"in Sibudu Cave in South Africa by Homo sapiens:
Compound adhesives[40][41]
Arrows and other evidence of bow-and-arrow technology[42][43][44]
Sewing needle[45][46]"
61 kya – 62 kya:,Cave painting in Spain by Neanderthal[47]
55.8–51.2 kya:,Representational and Narrative art in Indonesia by Homo sapiens[48]
49 kya – 30 kya:,"Ground stone tools – fragments of an axe in Australia date to 49–45 ka, more appear in Japan closer to 30 ka, and elsewhere closer to the Neolithic.[49][50]"
47 kya:,"The oldest-known mines in the world are from Eswatini, and extracted hematite for the production of the red pigment ochre.[51][52]"
45 kya – 9 kya:,"Earliest evidence of shoes, suggested by changes in foot bone morphology in China by Tianyuan man.[53] The earliest physical shoes found so far are bark sandals dated to 10 to 9 kya in Fort Rock Cave, United States.[54] The oldest known leather shoe dated to 5.5 kya was found in excellent condition in the Areni-1 cave located in the Vayots Dzor province of Armenia.[55]"
44 kya – 42 kya:,Tally sticks (see Lebombo bone) in Eswatini[56]
42 kya:,Flute in Germany[57][58]
37 kya:,Mortar and pestle in Southwest Asia[59]
32-28 kya:,"Rope and Cords for ""hafting stone tools, weaving baskets, or sewing garments,"" according to Elis Kvavadze et al.[60][61]"
31 kya:,"Amputation and surgery.[62] Medicine in a meaningful sense likely predates the human-chimpanzee split, as, for example, herbal medicine has been observed in other primates.[63]"
28 kya:,"Ceramics (direct evidence) and weaving (impressions left in the ceramics) in Moravia[64][65] (Czech Republic) and Georgia. (The oldest piece of woven cloth found so far was in Çatalhöyük, Turkey and dated to about 9,000 years ago.[66])"
24 kya:,Oldest known ceramic sculpture[67]
23 kya:,Domestication of the dog in Siberia.[68]
22 – 17 kya,Bullroarer[69][70][71]
22 kya:,"Fish hook in Okinawa Island, modern day Japan.[72][73]"
21 – 3.7 kya:,"Star chart in France,[74][75] and later Spain,[76] Kashmir,[77] Germany,[78][79] and Egypt.[80]"
17.5 kya:,"Spear-thrower (atlatl), found in France.[81]"
16 kya:,Pottery in China[82]
14.5 kya:,Bread in Jordan[83][84]
12 kya:,"Spindle whorl, also the oldest wheel-like tool, at Nahal Ein Gev II (Palestine)[85][86]"
"10,000 BC – 9000 BC:",Agriculture in the Fertile Crescent[88][89]
"10,000 BC – 9000 BC:","Domestication of sheep in Southwest Asia[90][91] (followed shortly by pigs, goats and cattle)"
9500 BC – 9000 BC:,"Oldest known surviving building – Göbekli Tepe, in Turkey[92][93]"
9000 BC – 6000 BC:,Domestication of rice in China[94]
9000 BC:,"Mudbricks (unfired bricks), and clay mortar in Jericho.[95][96][97]"
8400 BC:,Oldest known water well in Cyprus.[98]
8000 BC – 7500 BC:,"Proto-city – large permanent settlements, such as Tell es-Sultan (Jericho) and Çatalhöyük, Turkey.[99]"
7000 BC:,"Alcohol fermentation – specifically mead, in China[100]"
7000 BC:,"Sled dog and Dog sled, in Siberia.[101]"
7000 BC – 3300 BC:,"Tanned leather in Mehrgarh, Pakistan.[102]"
6500 BC:,"Evidence of lead smelting in Çatalhöyük, Turkey[103]"
6000 BC:,Kiln in Mesopotamia (Iraq)[104]
6th millennium BC:,"Irrigation in Khuzistan, Iran[105][106]"
6000 BC – 3200 BC:,"Proto-writing in present-day Egypt, Iraq, Romania, China, India and Pakistan.[107]"
5900 – 5600 BC:,"Oldest evidence of salt production found in Southeastern Europe, in the countries of Moldova and Romania.[108]"
5500 – 5200 BC:,"Oldest evidence of cheese found, in Poland and on the Dalmatian coast of Croatia.[109][110]"
5500 BC:,"Sailing - pottery depictions of sail boats, in Mesopotamia,[111] and later ancient Egypt[112][113]"
5000 BC:,Copper smelting in Serbia.[114][115]
5000 BC:,Seawall in Tel Hreiz.[116]
5th millennium BC:,Lacquer in China[117][118]
5000 BC:,"Cotton thread, in Mehrgarh, Pakistan, connecting the copper beads of a bracelet.[119][120][121]"
5000 BC – 4500 BC:,Rowing oars in China[122][123]
4500 BC – 3500 BC:,Lost-wax casting in Palestine[124] or the Indus Valley[125]
4400 BC:,Fired bricks in China.[126]
4000 BC:,"Probable time period of the first diamond-mines in the world, in Southern India.[127]"
4000 BC:,"Paved roads, in and around the Mesopotamian city of Ur, Iraq.[128]"
4000 BC:,"Plumbing. The earliest pipes were made of clay, and are found at the Temple of Bel at Nippur in Babylonia.[129][b]"
4000 BC:,"Oldest evidence of locks, the earliest example discovered in the ruins of Nineveh, the capital of ancient Assyria.[132]"
4000 BC – 3400 BC:,"Oldest evidence of wheels, found in the countries of Ukraine, Poland, and Germany.[133][134]"
3630 BC:,Silk garments (sericulture) in China[135]
3500 BC:,Probable first domestication of the horse in the Eurasian Steppes.[136][137][138]
3500 BC:,Wine as general anaesthesia in Sumer.[139]
3500 BC:,"Seal (emblem) invented around in the Near East, at the contemporary sites of Uruk in southern Mesopotamia and slightly later at Susa in south-western Iran during the Proto-Elamite period, and they follow the development of stamp seals in the Halaf culture or slightly earlier.[140]"
3500 BC:,"Ploughing, on a site in Bubeneč, Czech Republic.[141] Evidence, c. 2800 BC, has also been found at Kalibangan, Indus Valley (modern-day India).[142]"
3400 BC – 3100 BC:,Tattoos in southern Europe[143][144]
Late 4th millennium BC:,Writing – in Sumer and Egypt.[145][146][147][148]
3300 BC:,"The first documented swords. They have been found in Arslantepe, Turkey, are made from arsenical bronze, and are about 60 cm (24 in) long.[149][150] Some of them are inlaid with silver.[150]"
3300 BC:,"City in Uruk, Sumer, Mesopotamia (modern-day Iraq).[151]"
3250 BC:,"One of the earliest documented hats was worn by a man (nicknamed Ötzi) whose body and hat  found frozen in a mountain between Austria and Italy. He was found wearing a bearskin cap with a chin strap, made of several hides stitched together, resembling a Russian fur hat without the flaps.[152][153][154]"
3200 BC:,"Dry Latrines in the city of Uruk, Iraq, with later dry squat Toilets, that added raised fired brick foot platforms, and pedestal toilets, all over clay pipe constructed drains.[155][156][157]"
3200 BC:,"Earliest actual wheel ever found, the Ljubljana Marshes Wheel, made of wood, in Slovenia.[134]"
3000 BC:,"Devices functionally equivalent to dice, in the form of flat two-sided throwsticks, are seen in the Egyptian game of Senet.[158] Perhaps the oldest known dice, resembling modern ones, were excavated as part of a backgammon-like game set at the Burnt City, an archeological site in south-eastern Iran, estimated to be from between 2800 and 2500 BC.[159][160] Later, terracotta dice were used at the Indus Valley site of Mohenjo-daro (modern-day Pakistan).[161]"
3000 BC:,Tin extraction in Central Asia[162]
3000 BC – 2560 BC:,Papyrus in Egypt[163][164][165][166]
3000 BC:,"Reservoir in Girnar, Indus Valley (modern-day India).[167]"
3000 BC:,Receipt in Ancient Mesopotamia (Iraq)[168]
3000 BC – 2800 BC:,"Prosthesis first documented in the Ancient Near East, in ancient Egypt and Iran, specifically for an eye prosthetics, the eye found in Iran was likely made of bitumen paste that was covered with a thin layer of gold.[169]"
3000 BC – 2500 BC:,Rhinoplasty in Egypt.[170][171]
2650 BC:,"The Ruler, or Measuring rod, in the subdivided Nippur, copper rod, of the Sumerian Civilisation (modern-day Iraq). [c]"
2600 BC:,"Planned city in Indus Valley (modern-day: India, Pakistan).[173][174]"
2600 BC:,"Public sewage and sanitation systems in Indus Valley sites such as Mohenjo-daro and Rakhigarhi (modern-day: India, Pakistan).[175]"
2600 BC:,"Public bath in Mohenjo-daro, Indus Valley (modern-day Pakistan).[176]"
2600 BC:,Levee in Indus Valley.[177]
2600 BC:,"Balance weights and scales, from the Fourth Dynasty of Egypt; examples of Deben (unit) balance weights, from reign of Sneferu (c. 2600 BC) have been attributed.[178]"
2556 BC:,"Docks structure in Wadi al-Jarf, Egypt, which was developed by the reign of the Pharaoh Khufu.[179][166][d]"
2500 BC:,Puppetry in the Indus Valley.[186][187]
2400 BC:,Fork in Bronze Age Qijia culture in China[188]
2400 BC:,"Copper pipes, the Pyramid of Sahure, an adjoining temple complex at Abusir, was discovered to have a network of copper drainage pipes.[131]"
2400 BC:,Touchstone in the Indus Valley site of Banawali (modern-day India).[189]
2300 BC:,Dictionary in Mesopotamia.[190]
2200 BC – 2000 BC:,Iron smelting in Kaman-Kalehöyük.[191]
2200 BC:,"Protractor, Phase IV, Lothal, Indus Valley (modern-day India), a Xancus shell cylinder with sawn grooves, at right angles, in its top and bottom surfaces, has been proposed as an angle marking tool.[192][193]"
2000 BC:,"Water clock by at least the old Babylonian period (c. 2000 – c. 1600 BC),[194] but possibly earlier from Mohenjo-Daro in the Indus Valley.[195]"
2000 BC:,Chariot in Russia and Kazakhstan[196]
2000 BC:,"Fountain in Lagash, Sumer."
2000 BC:,"Scissors, in Mesopotamia.[197]"
1850 BC:,Proto-alphabet (Proto-Sinaitic script) in Egypt.[198]
1600 BC:,Surgical treatise appeared in Egypt.[199]
1500 BC:,Sundial in Ancient Egypt[200] or Babylonia (modern-day Iraq).
1500 BC:,Glass manufacture in either Mesopotamia or Ancient Egypt.[201]
1500 BC:,Seed drill in Babylonia.[202]
1500 BC:,Prosthetic limb in India mentioned in vedas (warrior queen vishpala).
1400 BC:,"Rubber,[203] Mesoamerican ballgame.[203][204]"
1400 BC – 1200 BC:,"Concrete in Tiryns (Mycenaean Greece),[205][206] though it was not yet waterproof."
1300 BC:,Lathe in Ancient Egypt.[207]
1200 BC:,Distillation is described on Akkadian tablets documenting perfumery operations.[208]
1100 BC,"Star catalogue — Three Stars Each is the earliest known catalogue in long-running tradition of Babylonian astronomy,[210] likely drawing on Sumerian[211] and/or Elamite constellations.[212]"
700 BC:,Saddle (fringed cloths or pads used by Assyrian cavalry).[213]
7th century BC:,"The royal Library of Ashurbanipal at Nineveh had 30,000 clay tablets, in several languages, organized according to shape and separated by content. The first recorded example of a library catalog.[214]"
688 BC:,"Waterproof concrete in use, by the Assyrians.[215] Later, the Romans developed concretes that could set underwater,[216] and used concrete extensively for construction from 300 BC to 476 AD.[217]"
650 BC:,Crossbow in China.[218]
600 BC:,Coins in Phoenicia (Modern Lebanon) or Lydia.[219]
Late 7th or early 6th century BC:,Wagonway called Diolkos across the Isthmus of Corinth in Ancient Greece.
6th century BC – 10th century AD:,"High Carbon Steel, produced by the Closed Crucible method, later known as Wootz steel, of South India.[221][222][f]"
6th century BC:,"University in Taxila, of the Indus Valley, then part of the kingdom of Gandhara, of the Achaemenid Empire (modern-day Pakistan)."
6th century – 2nd century BC:,"Systematization of medicine and surgery in the Sushruta Samhita in Vedic Northern India.[224][225][226] Documented procedures to:
Perform cataract surgery (couching). Babylonian and Egyptian texts, a millennium before, depict and mention oculists, but not the procedure itself.[227]
Perform Caesarean section.[228]
Construct Prosthetic limbs.[228]
Perform Plastic surgery, though reconstructive nasal surgery is described in millennia older Egyptian papyri.[228][229]"
Late 6th century BC:,"Crank motion (rotary quern) in Carthage[230] or 5th century BC Celtiberian Spain[231][232] Later during the Roman empire, a mechanism appeared that incorporated a connecting rod."
Before 5th century BC:,Loan deeds in Upanishadic India.[233]
500 BC:,Lighthouse in Greece.[234]
500 – 200 BC:,"Toe stirrup, depicted in 2nd century Buddhist art, of the Sanchi and Bhaja Caves, of the Deccan Satavahana empire (modern-day India)[235][236] although may have originated as early as 500 BC.[237]"
485 BC:,"Catapult by Ajatashatru in Magadha, India.[238][239]"
485 BC:,"Scythed chariot by Ajatashatru in Magadha, India.[238][239]"
5th century BC:,"Cast iron in Ancient China: Confirmed by archaeological evidence, the earliest cast iron is developed in China by the early 5th century BC during the Zhou dynasty (1122–256 BC), the oldest specimens found in a tomb of Luhe County in Jiangsu province.[240][241][242]"
480 BC:,"Spiral stairs (Temple A) in Selinunte, Sicily (see also List of ancient spiral stairs)[243][244]"
By 407 BC:,Early descriptions of what may be a Wheelbarrow in Greece.[245] First actual depiction of one (tomb mural) shows up in China in 118 AD.[246]
By 400 BC:,Camera obscura described by Mo-tzu (or Mozi) in China.[247]
4th century BC:,Traction trebuchet in Ancient China.[249]
4th century BC:,Gears in Ancient China
4th century BC:,"Reed pens, utilising a split nib, were used to write with ink on Papyrus in Egypt.[249]"
4th century BC:,"Nailed Horseshoe, with 4 bronze shoes found in an Etruscan tomb.[250]"
375 BC – 350 BC:,Animal-driven rotary mill in Carthage.[251][252]
By the late 4th century BC:,Corporations in either the Maurya Empire of India[253] or in Ancient Rome (Collegium).
Late 4th century BC:,Cheque in the Maurya Empire of India.[254]
Late 4th century BC:,Potassium nitrate manufacturing and military use in the Seleucid Empire.[255][verification needed]
Late 4th century BC:,"Formal systems by Pāṇini in India, possibly during the reign of Chandragupta Maurya.[256]"
4th to 3rd century BC:,"Zinc production in North-Western India during the Maurya Empire.[257] The earliest known zinc mines and smelting sites are from Zawar, near Udaipur, in Rajasthan.[258][259]"
3rd century BC:,"Analog computers in the Hellenistic world (see e.g. the Antikythera mechanism), possibly in Rhodes.[260]"
By at least the 3rd century BC:,"Archimedes' screw, one of the earliest hydraulic machines, was first used in the Nile river for irrigation purposes in Ancient Egypt[261]"
Early 3rd century BC:,Canal lock in Canal of the Pharaohs under Ptolemy II (283–246 BC) in Hellenistic Egypt[262][263][264]
3rd century BC:,"Cam during the Hellenistic period, used in water-driven automata.[265]"
By the 3rd century BC:,"Water wheel. The origin is unclear: Indian Pali texts dating to the 4th century BCE refer to the cakkavattaka, which later commentaries describe as arahatta-ghati-yanta (machine with wheel-pots attached). Helaine Selin suggests that the device existed in Persia before 350 BC.[266] The clearest description of the water wheel and Liquid-driven escapement is provided by Philo of Byzantium (c. 280 – 220 BC) in the Hellenistic kingdoms.[267]"
3rd century BC:,Gimbal described by Philo of Byzantium[268]
Late 3rd century BC:,Dry dock under Ptolemy IV (221–205 BC) in Hellenistic Egypt[269]
3rd century BC – 2nd century BC:,"Blast furnace in Ancient China: The earliest discovered blast furnaces in China date to the 3rd and 2nd centuries BC, although most sites are from the later Han dynasty.[240][270]"
2nd century BC:,Paper in Han dynasty China[g]
206 BC:,Compass in Han dynasty China[273]
Early 2nd century BC:,Astrolabe invented by Apollonius of Perga.
1st century BC:,"Segmental arch bridge (e.g. Pont-Saint-Martin or Ponte San Lorenzo) in Italy, Roman Republic[274][275]"
1st century BC:,"News bulletin during the reign of Julius Caesar.[276] A paper form, i.e. the earliest newspaper, later appeared during the late Han dynasty in the form of the Dibao.[277][278][279]"
1st century BC:,"Arch dam (Glanum Dam) in Gallia Narbonensis, Roman Republic (see also List of Roman dams)[280][281][282][283][284]"
Before 40 BC:,Trip hammer in China[285]
38 BC:,"An empty shell Glyph for zero, is found on a Maya numerals Stela, from Chiapa de Corzo, Chiapas. Independently invented by Claudius Ptolemy, in the second century CE Egypt, and appearing in the calculations of the Almagest."
37 BC – 14 BC:,Glass blowing developed in Jerusalem.[286][287][288]
Before 25 BC:,"Reverse overshot water wheel by Roman engineers in Rio Tinto, Spain[289]"
25 BC:,Noodle in Lajia in China[290]
1st century AD:,"The aeolipile, a simple steam turbine is recorded by Hero of Alexandria.[291]"
1st century AD:,The first use of respiratory protective equipment is documented by Pliny the Elder (c. 23 AD–79) using animal bladder skins to protect workers in Roman mines from red lead oxide dust.[292]
1st century AD:,Oldest surviving wine.[293]
1st century AD:,Vending machines invented by Hero of Alexandria.
By the 1st century AD:,The double-entry bookkeeping system in the Roman Empire.[294]
132:,"Seismometer and pendulum in Han dynasty China, built by Zhang Heng. It is a large metal urn-shaped instrument which employed either a suspended pendulum or inverted pendulum acting on inertia, like the ground tremors from earthquakes, to dislodge a metal ball by a lever trip device.[295][296]"
2nd century:,Carding in India.[297]
By at least the 3rd century:,Crystallized sugar in India.[301]
Early 3rd century:,Woodblock printing is invented in Han dynasty China at sometime before 220 AD. This made China become the world's first print culture.[302]
Late 3rd century – Early 4th century:,Water turbine in the Roman Empire in modern-day Tunisia.[303][304][305]
280 – 550:,"Chaturanga, a precursor of Chess was invented in India during the Gupta Empire.[306][307][308]"
4th century:,"Roman Dichroic glass, which displays one of two different colors depending on lighting conditions."
4th century:,"Simple suspension bridge, independently invented in Pre-Columbian South America,  and the Hindu Kush range, of present-day Afghanistan and Pakistan. With Han dynasty travelers noting bridges being constructed from 3 or more vines or 3 ropes.[309] Later bridges constructed utilizing cables of iron chains appeared in Tibet.[310][311]"
4th century:,"Fishing reel in Ancient China: In literary records, the earliest evidence of the fishing reel comes from a 4th-century AD[312] work entitled Lives of Famous Immortals.[313]"
347:,Oil Wells and Borehole drilling in China. Such wells could reach depths of up to 240 m (790 ft).[314]
400:,"The construction of the Iron pillar of Delhi in Mathura by the Gupta Empire shows the development of rust-resistant ferrous metallurgy in Ancient India,[316][317] although original texts do not survive to detail the specific processes invented in this period."
5th century:,"The horse collar as a fully developed collar harness is developed in Northern and Southern dynasties China during the 5th century AD.[318] The earliest depiction of it is a Dunhuang cave mural from the Chinese Northern Wei dynasty, the painting dated to 477–499.[319]"
5th century – 6th century:,"Pointed arch bridge (Karamagara Bridge) in Cappadocia, Eastern Roman Empire[320][321]"
By the 6th century:,Incense clock in China.[322][323]
After 500:,"Charkha (spinning wheel/cotton gin) invented in India (probably during the Vakataka dynasty of Maharashtra, India), between 500 and 1000 A.D.[324]"
563:,"Pendentive dome (Hagia Sophia) in Constantinople, Eastern Roman Empire[325]"
577:,Sulfur matches exist in China.
589:,"Toilet paper in Sui dynasty China, first mentioned by the official Yan Zhitui (531–591), with full evidence of continual use in subsequent dynasties.[326][327]"
619:,Toothbrush in China during the Tang dynasty[328]
672:,"Greek fire in Constantinople, Byzantine Empire: Greek fire, an incendiary weapon likely based on petroleum or naphtha, is invented by Kallinikos, a Lebanese Greek refugee from Baalbek, as described by Theophanes.[329] However, the historicity and exact chronology of this account is dubious,[330] and it could be that Kallinikos merely introduced an improved version of an established weapon.[331]"
7th century:,"Banknote in Tang dynasty China: The banknote is first developed in China during the Tang and Song dynasties, starting in the 7th century. Its roots are in merchant receipts of deposit during the Tang dynasty (618–907), as merchants and wholesalers desire to avoid the heavy bulk of copper coinage in large commercial transactions.[332][333][334]"
7th century:,"Porcelain in Tang dynasty China: True porcelain is manufactured in northern China from roughly the beginning of the Tang dynasty in the 7th century, while true porcelain was not manufactured in southern China until about 300 years later, during the early 10th century.[335]"
9th century:,"Gunpowder in Tang dynasty China: Gunpowder is, according to prevailing academic consensus, discovered in the 9th century by Chinese alchemists searching for an elixir of immortality.[336] Evidence of gunpowder's first use in China comes from the Five Dynasties and Ten Kingdoms period (618–907).[337] The earliest known recorded recipes for gunpowder are written by Zeng Gongliang, Ding Du, and Yang Weide in the Wujing Zongyao, a military manuscript compiled in 1044 during the Song dynasty (960–1279).[338][339][340]"
9th century:,Playing card in Tang dynasty China[341][342][343][344][345]
10th century:,"Fire lance in Song dynasty China, developed in the 10th century with a tube of first bamboo and later on metal that shot a weak gunpowder blast of flame and shrapnel, its earliest depiction is a painting found at Dunhuang.[346] Fire lance is the earliest firearm in the world and one of the earliest gunpowder weapons.[347][348]"
10th century:,"Fireworks in Song dynasty China: Fireworks first appear in China during the Song dynasty (960–1279), in the early age of gunpowder. Fireworks could be purchased from market vendors; these were made of sticks of bamboo packed with gunpowder.[349]"
974:,Fountain pen: invented at the request of al-Mu'izz li-Din Allah in Arab Egypt.[350]
11th century:,Early versions of the Bessemer process are developed in China.
11th century:,Endless power-transmitting chain drive by Su Song for the development an astronomical clock (the Cosmic Engine)[351]
11th century:,"Calico was developed in Calicut, India.[352]"
1088:,"Movable type in Song dynasty China: The first record of a movable type system is in the Dream Pool Essays, which attributes the invention of the movable type to Bi Sheng.[353][354][355][356]"
13th century:,Rocket for military and recreational uses date back to at least 13th-century China.[357]
13th century:,"The earliest form of mechanical escapement, the verge escapement in Europe.[358]"
13th century:,Buttons (combined with buttonholes) as a functional fastening for closing clothes appear first in Germany.[359]
13th century:,"Explosive bomb in Jin dynasty Manchuria: Explosive bombs are used in 1221 by the Jin dynasty against a Song dynasty city.[360] The first accounts of bombs made of cast iron shells packed with explosive gunpowder are documented in the 13th century in China and are called ""thunder-crash bombs"",[361] coined during a Jin dynasty naval battle in 1231.[362]"
13th century:,"Hand cannon in Yuan dynasty China: The earliest hand cannon dates to the 13th century based on archaeological evidence from a Heilongjiang excavation. There is also written evidence in the Yuanshi (1370) on Li Tang, an ethnic Jurchen commander under the Yuan dynasty who in 1288 suppresses the rebellion of the Christian prince Nayan with his ""gun-soldiers"" or chongzu, this being the earliest known event where this phrase is used.[363]"
13th century:,"Earliest documented snow goggles, a type of sunglasses, made of flattened walrus or caribou ivory are used by the Inuit peoples in the arctic regions of North America.[364][365] In China, the first sunglasses consisting of flat panes of smoky quartz are documented.[366][367]"
13th century - 14th century:,Worm gear cotton gin in India.[368]
1277:,"Land mine in Song dynasty China: Textual evidence suggests that the first use of a land mine in history is by a Song dynasty brigadier general known as Lou Qianxia, who uses an 'enormous bomb' (huo pao) to kill Mongol soldiers invading Guangxi in 1277.[369]"
1286:,Eyeglasses in Italy[370]
Early 14th century – Mid 14th century:,Multistage rocket in Ming dynasty China described in Huolongjing by Jiao Yu.
By at least 1326:,Cannon in Ming dynasty China[371]
14th century:,Painting Canvas was first used in Italy.[372]
14th century:,Jacob's staff described by Levi ben Gerson
14th century:,"Naval mine in Ming dynasty China: Mentioned in the Huolongjing military manuscript written by Jiao Yu (fl. 14th to early 15th century) and Liu Bowen (1311–1375), describing naval mines used at sea or on rivers and lakes, made of wrought iron and enclosed in an ox bladder. A later model is documented in Song Yingxing's encyclopedia written in 1637.[373]"
14th century:,Bidriware in the Bahmani Sultanate in India.[374]
Early 15th century:,Coil spring in Europe[376]
15th century:,Mainspring in Europe[376]
15th century:,Rifle in Europe
1420s:,"Brace in Flanders, Holy Roman Empire[377]"
1439:,"Printing press in Mainz, Germany: The printing press is invented in the Holy Roman Empire by Johannes Gutenberg before 1440, based on existing screw presses. The first confirmed record of a press appeared in a 1439 lawsuit against Gutenberg.[378]"
Mid 15th century:,"The Arquebus (also spelled Harquebus) is invented, possibly in Spain.[379][380]"
1480s:,Mariner's astrolabe in Portuguese circumnavigation of Africa[381]
16th century:,"Chintz or printed clothing in Golconda, India[382]"
16th century:,"Hookah by Irfan Shaikh, at the court of the Mughal emperor Akbar I (1542–1605)."
1560:,"Floating Dry Dock in Venice, Venetian Republic[385]"
1569:,Mercator Projection map created by Gerardus Mercator
1589:,Stocking frame: Invented by William Lee.[386]
1594:,Backstaff: Invented by Captain John Davis.
By at least 1597:,Revolver: Invented by Hans Stopler.
1605:,Newspaper (Relation): Johann Carolus in Strassburg (see also List of the oldest newspapers)[387][388]
1608:,Telescope: Patent applied for by Hans Lippershey. Actual inventor unknown since it seemed to already be a common item being offered by the spectacle makers in the Netherlands with Jacob Metius also applying for patent and the son of Zacharias Janssen making a claim 47 years later that his father invented it.
1620:,"Compound microscopes, which combine an objective lens with an eyepiece to view a real image, first appear in Europe. Apparently derived from the telescope, actual inventor unknown, variously attributed to Zacharias Janssen (his son claiming it was invented in 1590), Cornelis Drebbel, and Galileo Galilei.[389]"
1630:,Slide rule: invented by William Oughtred[390][391]
1642:,Mechanical calculator. The Pascaline is built by Blaise Pascal.[392]
1643:,"Barometer: invented by Evangelista Torricelli, or possibly up to three years earlier by Gasparo Berti.[393]"
1650:,Vacuum pump: Invented by Otto von Guericke.[394]
1656:,Pendulum clock: Invented by Christiaan Huygens. It was first conceptualized in 1637 by Galileo Galilei but he was unable to create a working model.[395]
1663:,Friction machine: Invented by Otto von Guericke.
1668:,First functional reflecting telescope constructed by Isaac Newton.[396]
1679:,Pressure-cooker: Invented by Denis Papin.[397]
1680:,Christiaan Huygens provides the first known description of a piston engine.[398]
1698:,Thomas Savery develops a steam-powered water pump: for draining mines[399]
1709:,Bartolomeo Cristofori crafts the first piano.
1709:,Daniel Gabriel Fahrenheit invents the alcohol thermometer.
1712:,"Thomas Newcomen builds the first commercial steam engine to pump water out of mines.[400] Newcomen's engine, unlike Thomas Savery's, uses a piston."
1730:,Thomas Godfrey and John Hadley independently develop the octant
1733:,John Kay enables one person to operate a loom with the flying shuttle[401]
1738:,Lewis Paul and John Wyatt invent the first mechanized cotton spinning machine.
1742:,Benjamin Franklin invents the Franklin stove.
1745:,"Musschenbroek and Kleist independently develop the Leyden jar, an early form of capacitor."
1746:,John Roebuck invents the lead chamber process.
1752:,Benjamin Franklin invents the lightning rod.
1755:,William Cullen invents the first artificial refrigeration machine.
1760:,John Joseph Merlin invents the first  Roller skates.[402]
1764:,James Hargreaves invents the spinning jenny.
1765:,James Watt invents the improved steam engine utilizing a separate condenser.
1767:,Joseph Priestley invents a method for the production of carbonated water.
1769:,"Nicolas-Joseph Cugnot invents the first steam-powered vehicle capable of carrying passengers, an early car."
1770:,Richard Salter invents the earliest known design for a weighing scale.
1774:,"John Wilkinson invents his boring machine, considered by some to be the first machine tool."
1775:,Jesse Ramsden invents the modern screw-cutting lathe.
1776:,John Wilkinson invents a mechanical air compressor that would become the prototype for all later mechanical compressors.
1778:,Robert Barron invents the first lever tumbler lock.
1780:,"Hyder Ali of Mysore, India develops the first metal-cylinder rockets.[403]"
1783:,Claude de Jouffroy builds the first steamboat.
1783:,Joseph-Ralf and Jacques-Étienne Montgolfier build the first manned hot air balloon.
1783:,Louis-Sébastien Lenormand invents and uses the first modern parachute.
1785:,Martinus van Marum is the first to use the electrolysis technique.
1786:,Andrew Meikle invents the threshing machine.
1789:,Edmund Cartwright invents the power loom.
1790:,Thomas Saint invents the sewing machine.
1792:,Claude Chappe invents the modern semaphore telegraph.
1793:,Eli Whitney invents the modern cotton gin.
1795:,Joseph Bramah invents the hydraulic press.
1796:,Alois Senefelder invents the lithography printing technique.[404]
1797:,Samuel Bentham invents plywood.
1799:,George Medhurst invents the first motorized air compressor.
1799:,The first paper machine is invented by Louis-Nicolas Robert.
1800:,"Alessandro Volta invents the voltaic pile, an early form of battery in Italy, based on previous works by Luigi Galvani."
1802:,Humphry Davy invents the arc lamp (exact date unclear; not practical as a light source until the invention of efficient electric generators).[405]
1804:,Friedrich Sertürner discovers morphine as the first active alkaloid extracted from the opium poppy plant.[406]
1804:,Joseph Marie Jacquard develops his automated Jacquard loom.[407]
1804:,Richard Trevithick invents the steam locomotive.[408]
1804:,"Hanaoka Seishū creates tsūsensan, the first modern general anesthetic.[409]"
1807:,Nicéphore Niépce invents  an early internal combustion engine capable of doing useful work.
1807:,François Isaac de Rivaz designs the first automobile powered by an internal combustion engine fuelled by hydrogen.
1807:,Robert Fulton expands water transportation and trade with the workable steamboat.
1810:,Nicolas Appert invents the canning process for food.[410]
1810:,Abraham-Louis Breguet creates the first wristwatch.[411]
1811:,"Friedrich Koenig invents the first powered printing press, which was also the first to use a cylinder."
1812:,William Reid Clanny pioneered the invention of the safety lamp which he improved in later years. Safety lamps based on Clanny's improved design were used until the adoption of electric lamps.
1814:,"James Fox invents the modern planing machine, though Matthew Murray of Leeds and Richard Roberts of Manchester have also been credited at times with its invention."
1816:,René Laennec  invents the first Stethoscope.[412]
1816:,Francis Ronalds builds the first working electric telegraph using electrostatic means.
1816:,Robert Stirling invents the Stirling engine.[413]
1817:,"Baron Karl von Drais invents the dandy horse, an early velocipede and precursor to the modern bicycle."
1818:,Marc Isambard Brunel invents the tunnelling shield.
1822:,"Thomas Blanchard invents the pattern-tracing lathe (actually more like a shaper). The lathe can copy symmetrical shapes and is used for making gun stocks, and later, ax handles.[414][415]"
1822:,"Nicéphore Niépce invents Heliography, the first photographic process."
1822:,"Charles Babbage, considered the ""father of the computer"",[416] begins building the first programmable mechanical computer."
1823:,Johann Wolfgang Döbereiner invents the first lighter.
1824:,Johann Nikolaus von Dreyse invents the bolt-action rifle.[417]
1824:,William Sturgeon invents the electromagnet.[418][419]
1826:,John Walker invents the friction match.[420]
1826:,James Sharp invents and goes on to manufacture the first practical gas stove.
1828:,James Beaumont Neilson develops the hot blast process.
1828:,Patrick Bell invents the reaping machine.
1828:,Hungarian physicist Ányos Jedlik invents the first commutated rotary electromechanical machine with electromagnets.
1829:,Louis Braille invents the Braille reading system for the blind.[421]
1829:,William Mann invents the compound air compressor.
1829:,Henry Robinson Palmer is awarded a patent for corrugated galvanised iron.
1830:,Edwin Budding invents the lawn mower.
1831:,Michael Faraday invents a method of electromagnetic induction. It would be independently invented by Joseph Henry the following year. Faraday is credited with inventing the first electric generator called the Faraday disk.
1834:,Moritz von Jacobi invents the first practical electric motor.
1835:,Joseph Henry invents the electromechanical relay.
1837:,Samuel Morse invents Morse code.
1838:,Moritz von Jacobi invents electrotyping.
1839:,William Otis invents the steam shovel.
1839:,James Nasmyth invents the steam hammer.
1839:,"Edmond Becquerel invents a method for the photovoltaic effect, effectively producing the first solar cell."
1839:,Charles Goodyear invents vulcanized rubber.[422]
1839:,Louis Daguerre invents daguerreotype photography.[423]
1840:,John Herschel invents the blueprint.[424]
1841:,Alexander Bain devises a printing telegraph.[425]
1842:,William Robert Grove invents the first fuel cell.
1842:,"John Bennet Lawes invents superphosphate, the first man-made fertilizer."
1844:,"Friedrich Gottlob Keller and, independently, Charles Fenerty come up with the wood pulp method of paper production."
1844:,Francis Rynd invents the hypodermic needle.
1845:,Isaac Charles Johnson invents modern Portland cement.
1846:,Henri-Joseph Maus invents the tunnel boring machine.
1847:,"Ascanio Sobrero invents Nitroglycerin, the first explosive made that was stronger than black powder."
1848:,Jonathan J. Couch invents the pneumatic drill.
1848:,Linus Yale Sr. invents the first modern pin tumbler lock.
1849:,Walter Hunt invents the first repeating rifle to use metallic cartridges (of his own design) and a spring-fed magazine.
1849:,James B. Francis invents the Francis turbine.
1849:,Walter Hunt invents the Safety pin.[426]
1850:,William Armstrong invents the hydraulic accumulator.
1851:,"George Jennings offers the first public flush toilets, accessible for a penny per visit, and in 1852 receives a UK patent for the single piece, free standing, earthenware, trap plumed, flushing, water-closet.[427]"
1852:,Robert Bunsen is the first to use a chemical vapor deposition technique.
1852:,Elisha Otis invents the safety brake elevator.[428]
1852:,"Henri Giffard becomes the first person to make a manned, controlled and powered flight using a dirigible."
1853:,François Coignet invents reinforced concrete.
1855:,"James Clerk Maxwell invents the first practical method for color photography, whether chemical or electronic."
1855:,"Henry Bessemer patents the Bessemer process for making steel, with improvements made by others over the following years."
1856:,"Alexander Parkes invents parkesine, also known as celluloid, the first man-made plastic."
1856:,"James Harrison produces the world's first practical ice making machine and refrigerator using the principle of vapour compression in Geelong, Australia.[429]"
1856:,"William Henry Perkin invents mauveine, the first synthetic dye."
1857:,Heinrich Geissler invents the Geissler tube.
1857:,"The phonautograph, the earliest known device for recording sound, is patented and invented by Frenchman Édouard-Léon Scott de Martinville."
1859:,"Gaston Planté invents the lead acid battery, the first rechargeable battery."
1860:,Joseph Swan produces carbon fibers.[430]
1864:,Louis Pasteur invents the pasteurization process.
1865:,Carl Wilhelm Siemens and Pierre-Émile Martin invented the Siemens-Martin process for making steel.
1867:,"Alfred Nobel invents dynamite, the first safely manageable explosive stronger than black powder."
1867:,"Lucien B. Smith invents barbed wire, which Joseph F. Glidden will modify in 1874, leading to the taming of the West and the end of the cowboys."
1872:,"Polyvinyl chloride, more commonly known as vinyl, is synthesized by German chemist Eugen Baumann"
1872:,J.E.T. Woods and J. Clark invented stainless steel. Harry Brearley was the first to commercialize it.[431]
1873:,Frederick Ransome invents the rotary kiln.
1873:,"William Crookes, a chemist, invents the Crookes radiometer as the by-product of some chemical research."
1873:,"Zénobe Gramme invents the first commercial electrical generator, the Gramme machine."
1874:,Gustave Trouvé invents the first metal detector.
1875:,"Fyodor Pirotsky invents the first electric tram near Saint Petersburg, Russia."
1876:,Nicolaus August Otto invents the four-stroke cycle.
1876:,"Alexander Graham Bell has a patent granted for the telephone. However, other inventors before Bell had worked on the development of the telephone and the invention had several pioneers.[432]"
1877:,Thomas Edison invents the first working phonograph.[433]
1878:,Henry Fleuss is granted a patent for the first practical rebreather.[434]
1878:,Lester Allan Pelton invents the Pelton wheel.
1879:,"Joseph Swan and Thomas Edison both patent a functional incandescent light bulb. Some two dozen inventors had experimented with electric incandescent lighting over the first three-quarters of the 19th century but never came up with a practical design.[435] Swan's, which he had been working on since the 1860s, had a low resistance so was only suited for small installations. Edison designed a high-resistance bulb as part of a large-scale commercial electric lighting utility.[436][437][438]"
1881:,"Nikolay Benardos presents carbon arc welding, the first practical arc welding method.[439]"
1884:,"Hiram Maxim invents the recoil-operated Maxim gun, ushering in the age of semi- and fully automatic firearms."
1884:,"Paul Vieille invents Poudre B, the first smokeless powder for firearms."
1884:,Sir Charles Parsons invents the modern steam turbine.
1884:,"Hungarian engineers Károly Zipernowsky, Ottó Bláthy and Miksa Déri invent the closed core high efficiency transformer and the AC parallel power distribution."
1885:,John Kemp Starley invents the modern safety bicycle.[440][441]
1886:,"Carl Gassner invents the zinc–carbon battery, the first dry cell battery, making portable electronics practical."
1886:,Charles Martin Hall and independently Paul Héroult invent the Hall–Héroult process for economically producing aluminum in 1886.
1886:,Karl Benz invents the first petrol or gasoline powered auto-mobile (car).[442]
1887:,Carl Josef Bayer invents the Bayer process for the production of alumina.
1887:,James Blyth invents the first wind turbine used for generating electricity.
1887:,"John Stewart MacArthur, working in collaboration with brothers Dr. Robert and Dr. William Forrest, develops the process of gold cyanidation."
1888:,John J. Loud invents the ballpoint pen.[443]
1888:,Thomas Edison and William Kennedy Dickson invent the Kinetoscope.[444]
1888:,Heinrich Hertz publishes a conclusive proof of James Clerk Maxwell's electromagnetic theory in experiments that also demonstrate the existence of radio waves. The effects of electromagnetic waves had been observed by many people before this but no usable theory explaining them existed until Maxwell.
1888:,"The first practical pneumatic tire was made by Scotsman John Boyd Dunlop, the patent was from 1847 by Robert William Thomson"
1890s:,Frédéric Swarts invents the first chlorofluorocarbons to be applied as refrigerant.[445]
1890:,Robert Gair would invent the pre-cut cardboard box.[446]
1891:,Whitcomb Judson invents the zipper.
1892:,Léon Bouly invents the cinematograph.
1892:,Thomas Ahearn invents the electric oven.[447]
1893:,Rudolf Diesel invents the diesel engine (although Herbert Akroyd Stuart had experimented with compression ignition before Diesel).
1893:,"William Stewart Halsted, invents the rubber glove for his wife Caroline Hampton as he noticed her hands were affected by the daily surgeries she had performed. The gloves were intended to prevent medical staff from developing dermatitis from surgical chemicals.[448][449][450] The first modern disposable glove was created by Ansell Rubber Co. Pty. Ltd. in 1965.[451][452][453]"
1895:,Guglielmo Marconi invents a system of wireless communication using radio waves.
1895:,Wilhelm Conrad Röntgen invented the first radiograph (X-ray).
1897:,"Surgical masks made of cloth were developed in Europe by physicians Jan Mikulicz-Radecki at the University of Breslau and Paul Berger in Paris, as a result of increasing awareness of germ theory and the importance of antiseptic procedures in medicine.[454]"
1898:,"Hans von Pechmann synthesizes polyethylene, now the most common plastic in the world.[455]"
1899:,Waldemar Jungner invents the rechargeable nickel-cadmium battery (NiCd) as well as the nickel-iron electric storage battery (NiFe) and the rechargeable alkaline silver-cadmium battery (AgCd)
1900:,The first Zeppelin is designed by Theodor Kober.
1901:,"The first motorized cleaner using suction, a powered ""vacuum cleaner"", is patented independently by Hubert Cecil Booth and David T. Kenney.[456]"
1903:,The first successful gas turbine is invented by Ægidius Elling.
1903:,Édouard Bénédictus invents laminated glass.
1903:,"First sustained and controlled heavier-than-air powered flight achieved by an airplane flown at Kitty Hawk, North Carolina by Orville and Wilbur Wright. See Claims to the first powered flight."
1904:,"The Fleming valve, the first vacuum tube and diode, is invented by John Ambrose Fleming."
1907:,The first free flight of a rotary-wing aircraft is carried out by Paul Cornu.
1907:,"Leo Baekeland invents bakelite,  the first plastic made from synthetic components."
1907:,The tuyères thermopropulsives[457] after 1945 (Maurice Roy (fr)) known as the statoreacteur[457][458] a combustion subsonique (the ramjet)[459] – R. Lorin[460][461][462]
1908:,Cellophane is invented by Jacques E. Brandenberger.
1909:,Fritz Haber invents the Haber process.
1909:,"The first instantaneous transmission of images, or television broadcast, is carried out by Georges Rignoux and A. Fournier."
1911:,"The cloud chamber, the first particle detector, is invented by Charles Thomson Rees Wilson."
1912:,The first commercial slot cars or more accurately model electric racing cars operating under constant power were made by Lionel (USA) and appeared in their catalogues in 1912.
1912:,The first use of articulated trams by Boston Elevated Railway.
1913:,The Bergius process is developed by Friedrich Bergius.
1913:,The Kaplan turbine is invented by Viktor Kaplan.
1915:,"Harry Brearley invents a process to create Martensitic stainless steel, initially labelled Rustless Steel, later marketed as Staybrite, and AISI Type 420.[463]"
1915:,"The first operational military tanks are designed in Great Britain and France. They are used in battle from 1916 and 1917 respectively. The designers in Great Britain are Walter Wilson and William Tritton and in France, Eugène Brillié. (Although it is known that vehicles incorporating at least some of the features of the tank were designed in a number of countries from 1903 onward, none reached a practical form.)"
1916:,"The Czochralski process, widely used for the production of single crystal silicon, is invented by Jan Czochralski."
1917:,The crystal oscillator is invented by Alexander M. Nicholson using a crystal of Rochelle Salt although his priority was disputed by Walter Guyton Cady.
1925:,The Fischer–Tropsch process is developed by Franz Fischer and Hans Tropsch at the Kaiser-Wilhelm-Institut für Kohlenforschung.
1926:,"The Yagi-Uda Antenna or simply Yagi Antenna is invented by Shintaro Uda of Tohoku Imperial University, assisted by his colleague Hidetsugu Yagi. The Yagi Antenna was widely used during World War II. After the war they saw extensive development as home television antennas."
1926:,Robert H. Goddard launches the first liquid fueled rocket.
1926:,"Harry Ferguson, patents the Three-point hitch equipment linkage system for tractors.[464]"
1926:,John Logie Baird demonstrates the world's first live working television system.[465][466][467]
1927:,The quartz clock is invented by Warren Marrison and J.W. Horton at Bell Telephone Laboratories.[468]
1928:,"Penicillin is first observed to exude antibiotic substances by Nobel laureate Alexander Fleming. Development of medicinal penicillin is attributed to a team of medics and scientists including Howard Walter Florey, Ernst Chain and Norman Heatley."
1928:,"Frank Whittle formally submitted his ideas for a turbo-jet engine. In October 1929, he developed his ideas further.[469] On 16 January 1930, Whittle submitted his first patent (granted in 1932).[470]"
1928:,Philo Farnsworth demonstrates the first practical electronic television to the press.
1929:,The ball screw is invented by Rudolph G. Boehm.
1930:,The Supersonic combusting ramjet — Frank Whittle.[citation needed]
1930:,The Phase-contrast microscopy is invented by Frits Zernike.
1931:,The electron microscope is invented by Ernst Ruska.
1933:,FM radio is patented by inventor Edwin H. Armstrong.
1933:,"Harry C. Jennings Sr. and Herbert Everest, both mechanical engineers, invented the first lightweight, steel, folding, portable wheelchair with their ""X-brace"" design.[471][472]"
1935:,"Nylon, the first fully synthetic fiber is produced by Wallace Carothers while working at DuPont.[473]"
1938:,"Z1, built by Konrad Zuse, is the first freely programmable computer in the world."
1938:,"Nuclear fission discovered in experiment by chemists Otto Hahn and Fritz Strassmann and physicists Lise Meitner and Otto Robert Frisch. The German nuclear energy project was based on this research. The Tube Alloys project and, subsequently, the Manhattan Project and the Soviet atomic bomb project were influenced by this research."
1939:,G. S. Yunyev or Naum Gurvich invented the electric current defibrillator
1940:,Pu-239 isotope (isotope of plutonium)[474][475] a form of matter existing with the capacity for use as a destructive element[476] (because the isotope has an exponentially increasing[474] spontaneous[477] fissile decay[478]) within nuclear devices — Glenn Seaborg.[475]
1940:,"John Randall and Harry Boot would develop the high power, microwave generating, cavity magnetron, later applied to commercial Radar and Microwave oven appliances.[479]"
1941:,Polyester is invented by John Rex Whinfield and James Dickson.[480]
1942:,"The V-2 rocket, the world's first long range ballistic missile, developed by engineer Wernher von Braun."
1944:,The non-infectious viral vaccine is perfected by Dr. Jonas Salk and Thomas Francis.[481]
1945:,"The atomic bomb is developed by the Manhattan Project and swiftly used in August 1945 in the atomic bombings of Hiroshima and Nagasaki, effectively ending World War II."
1945:,"Percy Spencer, while employed at Raytheon, would patent a magnetron based microwave oven.[482]"
1945:,"Willard Libby began his work on radiocarbon dating. He published his paper in 1946,[483][484] a second paper in Science in 1947.[483][485] Libby and James Arnold succeeded with the radiocarbon dating theory after results were published in Science in December 1949.[486][487]"
1946:,"James Martin invents the ejector seat, inspired by the death of his friend and test pilot Captain Valentine Baker in an aeroplane crash in 1942."
1947:,Holography is invented by Dennis Gabor.
1947:,Floyd Farris and J.B. Clark (Stanolind Oil and Gas Corporation) invents hydraulic fracturing technology.[488]
1947:,"The first transistor, a bipolar point-contact transistor, is invented by John Bardeen and Walter Brattain under the supervision of William Shockley at Bell Labs."
1948:,The first atomic clock is developed at the National Bureau of Standards.
1948:,"Basic oxygen steelmaking is developed by Robert Durrer. The majority of steel manufactured in the world is produced using the basic oxygen furnace; in 2000, it accounted for 60% of global steel output.[489]"
1950:,"Bertie the Brain, debatably the first video game, is displayed to the public at the Canadian National Exhibition."
1950:,The Toroidal chamber with axial magnetic fields (the Tokamak) is developed by Igor E. Tamm and Andrei D. Sakharov.[490]
1952:,The float glass process is developed by Alastair Pilkington.[491]
1952:,The first thermonuclear weapon is developed.
1953:,"The first video tape recorder, a helical scan recorder, is invented by Norikazu Sawazaki."
1954:,"Invention of the solar battery by Bell Telephone scientists, Calvin Souther Fuller, Daryl Chapin and Gerald Pearson capturing the Sun's power. First practical means of collecting energy from the Sun and turning it into a current of electricity."
1955:,The hovercraft is patented by Christopher Cockerell.
1955:,The intermodal container is developed by Malcom McLean.
1956:,The hard disk drive is invented by IBM.[492]
1956:,"The Logic Theorist computer program, the first ""artificial intelligence program"", was written and invented by Allen Newell, Herbert A. Simon, and Cliff Shaw.[493]"
1957:,The laser and optical amplifier are invented and named by Gordon Gould and Charles Townes. The laser and optical amplifier are foundational to powering the Internet.[494]
1957:,"The first personal computer used by one person and controlled by a keyboard, the IBM 610, is invented by IBM."
1957:,"The first artificial satellite, Sputnik 1, is launched."
1958 – 1959:,The integrated circuit is independently invented by Jack Kilby and Robert Noyce.
1959:,"The MOSFET (MOS transistor) is invented by the Egyptian Mohamed Atalla and the Korean Dawon Kahng at Bell Labs. It is used in almost all modern electronic products. It was smaller, faster, more reliable and cheaper to manufacture than earlier bipolar transistors, leading to a revolution in computers, controls and communication.[495][496][497]"
1960:,The first functioning laser is invented by Theodore Maiman.
1963:,The first electronic cigarette is created by Herbert A. Gilbert. Hon Lik is often credited with its invention as he developed the modern electronic cigarette and was the first to commercialize it.
1964:,"Shinkansen, the first high-speed rail commercial passenger service."
1965:,Kevlar is invented by Stephanie Kwolek at DuPont.
1969:,"The NPL network followed by the ARPANET implement packet switching for data communication,[498][499] drawing on the concepts and designs of Donald Davies,[500][501][502] and Paul Baran.[503] These are considered precursors to the modern Internet.[500][503]"
1970s:,"Public-key cryptography is invented and developed by James H. Ellis, Clifford Cocks, Malcolm J. Williamson, Whitfield Diffie, Martin Hellman, Ralph Merkle, Ron Rivest, Adi Shamir, Leonard Adleman, et al."
1970:,The pocket calculator is invented.
1971:,"The first single-chip microprocessor, the Intel 4004, is invented. Its development was led by Federico Faggin, using his silicon-gate MOS technology. This led to the personal computer (PC) revolution.[504]"
1971:,"The first space station, Salyut 1, is launched."
1971:,IBM developed and released the world's first floppy disk and disk drive.[505]
1972:,"The first video game console, used primarily for playing video games on a TV, is the Magnavox Odyssey.[506]"
1973:,The first fiber optic communication systems were developed by Optelecom.[507]
1973:,The first commercial graphical user interface is introduced in 1973 on the Xerox Alto. The modern GUI is later popularized by the Xerox Star and Apple Lisa.
1973:,The first capacitive touchscreen is developed at CERN.
1974:,"The Transmission Control Program is proposed by Vinton Cerf and Robert E. Kahn, building on the work of Louis Pouzin and other Internet pioneers, creating the basis for the modern Internet.[508][509]"
1974:,"The lithium-ion battery is invented by M. Stanley Whittingham, and further developed in the 1980s and 1990s by John B. Goodenough, Rachid Yazami and Akira Yoshino. It has impacted modern consumer electronics and electric vehicles.[510]"
1974:,The Rubik's cube is invented by Ernő Rubik which went on to be the best selling puzzle ever.[511]
1977:,Dr Walter Gilbert and Frederick Sanger invented a new DNA sequencing method for which they won the Nobel Prize.[512]
1977:,The first self-driving car that did not rely upon rails or wires under the road is designed by the Tsukuba Mechanical Engineering Laboratory.[513]
1978:,"The Global Positioning System (GPS) enters service. While not the first Satellite navigation system, it is the first to enter widespread civilian use."
1979:,"The first handheld game console with interchangeable game cartridges, the Microvision is released."
1979:,Nippon Telegraph and Telephone (NTT) launched the first cellular network in Japan.[514]
1979:,"Public dialup information, messaging and e-commerce services, were pioneered through CompuServe and RadioShack's MicroNET, and the UK's Post Office Telecommunications Prestel services.[515][516]"
1980:,Flash memory (both NOR and NAND types) was invented by Fujio Masuoka while working for Toshiba. It was formally introduced to the public in 1984.
1980:,"Scientists Mark Skolnick, Ron Davis, Ray White, and David Botstein published their findings on a gene mapping tool using Restriction Fragment-length Polymorphisms (RFLP), that would have applications to identify heritable disorders, including some forms of cancer.[517][518][519]"
1981:,"The first reusable spacecraft, the Space Shuttle undergoes test flights ahead of full operation in 1982."
1981:,"Kane Kramer develops the credit card-sized, IXI digital media player.[520]"
1981:,"Televerket, a Swedish state-owned corporation, launched the Nordic Mobile Telephone (NMT) system.[521][522][523]"
1981:,"Comvik, a Swedish telecommunications company, launched the first commercial automatic cellular system. However, according to the Swedish Post and Telecom Authority, the company launched an unlicensed automatic system. Comvik didn’t receive a license to operate until December 1981, two months after the NMT system was launched.[524][525]"
1982:,"A CD-ROM contains data accessible to, but not writable by, a computer for data storage and music playback. The 1985 Yellow Book standard developed by Sony and Philips adapted the format to hold any form of binary data.[526]"
1982:,"Direct to home satellite television transmission, with the launch of Sky One service.[527]"
1982:,"The first laptop computer is launched, the 8/16-bit Epson HX-20.[528]"
1983:,Stereolithography is invented by Chuck Hull.[529]
1983:,"Ameritech, now known as AT&T, commercialized the Bell System (its cellular network) in Chicago, Ill.[530][531]"
1984:,"The first commercially available cell phone in the US, the DynaTAC 8000X, is created by Motorola."
1984:,DNA profiling is pioneered by Alec Jeffreys.[532][533]
1986:,"Technophone, a British mobile phone company, created the first pocket-sized cell phone, the Excell PCT105.[534][535]"
1989:,"Karlheinz Brandenburg would publish the audio compression algorithms that would be standardised as the: MPEG-1, layer 3 (mp3), and later the MPEG-2, layer 7 Advanced Audio Compression (AAC).[536]"
1989:,The World Wide Web is invented by computer scientist Tim Berners-Lee.[537][538]
1990:,The Neo Geo AES becomes the first video game system to launch that used Memory Cards.
1990:,"The first search engine invented was “Archie”, created by Alan Emtage a student at McGill University in Montreal."
1991:,The first commercial flash-based solid-state drive is launched by SunDisk.[539]
1991:,The first sim card is developed by Munich smart-card maker Giesecke & Devrient.
1993:,IBM created the first mobile app with SIMON; it had 10 built-in apps from Email to Calendar.
1994:,"IBM Simon, the world's first smartphone, is developed by IBM."
1994:,First generation of Bluetooth is developed by Ericsson Mobile. A form of data communication on short distances between electronic devices.
1994:,A Tetris variant on the Hagenuk MT-2000 device becomes the first mobile game.
1995:,"DVD is an optical disc storage format, invented and developed by Philips, Sony, Toshiba, and Panasonic in 1995. DVDs offer higher storage capacity than compact discs while having the same dimensions."
1995:,Match.com launches as the first dating site ever and is the number 1 most visited dating site in the US.
1995:,Waiter.com launches as the first online food ordering service.
1996:,"The Ciena Corporation, in partnership with Sprint, deployed the first commercial dense wavelength-division multiplexing system, which created the massive capacity of the Internet.[540][541][542]"
1996:,"Mobile web was first commercially offered in Finland on the Nokia 9000 Communicator phone, and it was also the first phone with texting."
1996:,Bolt and Six Degrees (1997) both become the first social media sites.
1996:,"Myriad Genetics released the BRACAnalysis, the first commercial genetic test for assessing the risk of hereditary breast and ovarian cancer.[543][544]"
1997:,"The first weblog, a discussion or informational website, was created by Jorn Barger, and later shortened to ""blog"" in 1999 by Peter Merholz."
1998:,The first portable MP3 player was released by SaeHan Information Systems.
1998:,"The search engine Google, is launched.[545]"
1999:,"The first digital video recorder (DVR), the TiVo, is launched by Xperi."
1999:,"NTT DoCoMo launches i-mode, the first integrated Online App store for mobile phones."
2000:,Sony develops the first prototypes for the Blu-ray optical disc format. The first prototype player was released in 2004.
2000:,"First documented placement of Geocaching, an outdoor recreational activity, in which participants use a Global Positioning System (GPS) receiver or mobile device and other navigational techniques to hide and seek containers, took place on May 3, 2000, by Dave Ulmer of Beavercreek, Oregon."
2004:,"First podcast, invented by Adam Curry and Dave Winer, is a program made available in digital format for download over the Internet and it usually features one or more recurring hosts engaged in a discussion about a particular topic or current event.[546][547][548]"
2005:,"YouTube, the first popular video-streaming site, was founded"
2007:,Netflix debuted the first popular video-on-demand service
2007:,Apple Inc. released the iPhone
2007:,The Bank of Scotland develops the world's first banking app
2007:,"SoundCloud, the first on-demand service to focus on music is debuted"
2007:,"First Kindle introduced by Amazon (company) founder and CEO Jeff Bezos, who instructed the company's employees to build the world's best e-reader before Amazon's competitors could. Amazon originally used the codename Fiona for the device. This hardware evolved from the original Kindle introduced in 2007 and the Kindle DX (with its larger 9.7"" screen) introduced in 2009.[549]"
2008:,Satoshi Nakamoto develops the first blockchain.[550]
2010:,"The first solar sail based spacecraft, IKAROS.[551]"
2010:,The first quantum machine[552]
2010:,"The first synthetic organism, Mycoplasma laboratorium is created by the J. Craig Venter Institute"
2011:,HIV treatment as prevention (HPTN 052)[553]
2013:,Cancer immunotherapy[554]
2014:,"The first known ""NFT"", Quantum,[555] was created by Kevin McCoy and Anil Dash in May 2014, that explicitly linked a non-fungible, tradable blockchain marker to a work of art, via on-chain metadata (enabled by Namecoin).[556]"
2015:,CRISPR genome-editing method[557]
2017:,"Google publishes a research paper ""Attention Is All You Need"" leading to the development into a new deep learning architecture known as the transformer.[558]"
2018:,Single-cell sequencing[559]
2019:,"IBM launches IBM Q System One, its first integrated quantum computing system for commercial use."
2020:,The first MRNA vaccine to be approved by public health medicines regulators is co-developed by Pfizer and BioNTech for COVID-19.[560]
2020:,OpenAI demonstrated an Artificial Intelligence model called GPT-3. The program was created to generate human-like responses when given prompts.[561]
2021:,Pfizer develops the world's first pill for COVID.
2022:,"ChatGPT is launched to the public, making its first mainstream generative AI to be released."
