1700,,Piano,Bartolomeo Cristofori
1700,,Piano,Bartolomeo Cristofori
1700,,Piano,Bartolomeo Cristofori
1709,,AlcoholThermometer,GabrielFahrenheit
1725,,Clock Mechanical,Hsing and Ling-Tsan
1725,,Clock Mechanical,Hsing and Ling-Tsan
1725,,Clock Mechanical,Hsing and Ling-Tsan
1735,,Carl Linnaeus described a new system for classifying plants in Systema Naturae.,
1742,,CelsiusScale,AndersCelsius
1742,,Centigrade Scale,Anders Celsius
1742,,Centigrade Scale,Anders Celsius
1742,,Centigrade Scale,Anders Celsius
1745,,"Ewald Georg von Kleist first capacitor, the Leyden jar.",
1748,,Refrigerator,William Cullen
1748,,Refrigerator,William Cullen
1748,,Electroscope,Jean Nollet
1749,,Buffon wrote Histoire naturelle.,
1750,,Joseph Black: describes latent heat.,
1751,,Benjamin Franklin: lightning is electrical.,
1752,,LightningConductor,BenjaminFranklin
1752,,Lightning Conductor,Benjamin Franklin
1752,,Lightning Conductor,Benjamin Franklin
1752,,Lightning Conductor,Benjamin Franklin
1755,,Immanuel Kant: Gaseous Hypothesis in Universal Natural History and Theory of Heaven.,
1756,,Mayonnaise,DukedeRichelieu'schef
1757,,Sextant,JohnCampbell
1760,,RollerSkates,JosephMerlin
1761,,Mikhail Lomonosov: discovery of the atmosphere of Venus.,
1763,,"Thomas Bayes: publishes the first version of Bayes' theorem, paving the way for Bayesian probability.",
1765,,Steam engine,James Watt
1765,,Steam engine,James Watt
1766,,Hydrogen,Henry Cavendish
1766,,Hydrogen,Henry Cavendish
1766,,Hydrogen,Henry Cavendish
1767,,CarbonatedWater,JosephPriestly
1771,,"Charles Messier: publishes catalogue of astronomical objects (Messier Objects) now known to include galaxies, star clusters, and nebulae.",
1774,,Chlorine,Carl Wilhelm Scheele
1774,,Oxygen,Joseph Priestley
1774,,Chlorine,Carl Wilhelm Scheele
1774,,Oxygen,Joseph Priestley
1774,,Chlorine,Karl Wilhelm Scheele
1775,,Oxygen,Antoine Laurent Lavoisier
1775,,Steam Ship,J.C Perier
1776,,Submarine,David Bushnell
1778,,Antoine Lavoisier (and Joseph Priestley): discovery of oxygen leading to end of Phlogiston theory.,
1779,,Bifocal Lens,Benjamin Franklin
1779,,Bifocal Lens,Benjamin Franklin
1781,,"William Herschel announces discovery of Uranus, expanding the known boundaries of the Solar System for the first time in modern history.",
1783,,Black holes,John Michell and Albert Einstein
1783,,HotAirBalloon,MontgolfierBrothers
1783,,Parachute,Louis-SebastianLenormand
1783,,Hot Air Balloon,Josef & Etienne Montgolfier
1783,,Parachute,Louis-Sebastien Lenormand
1783,,Hot Air Balloon,Josef & Etienne Montgolfier
1783,,Parachute,Louis-Sebastien Lenormand
1783,,Hot Air Balloon,Josef & Etienne Montgolfier
1783,,Black holes,John Michell and Albert Einstein
1784,,BifocalSpectacles,BenjaminFranklin
1784,,Bifocal Lens,Benjamin Franklin
1785,,Parachute,Jean Pierre Blanchard
1785,,William Withering: publishes the first definitive account of the use of foxglove (digitalis) for treating dropsy.,
1786,,Steam Boat,Robert Fulton
1786,,Steam Boat,Robert Fulton
1786,,Steam Boat,John Fitch
1787,,Jacques Charles: Charles's law of ideal gases.,
1789,,"Antoine Lavoisier: law of conservation of mass, basis for chemistry, and the beginning of modern chemistry.",
1792,,Guillotine,Dr.JosephI.Guillotin
1793,,CottonGin,EliWhitney
1796,,Vaccines,Edward Jenner
1796,,Lithography,AloisSenfelder
1796,,SmallpoxVaccination,EdwardJenner
1796,,Vaccines,Edward Jenner
1796,,Georges Cuvier: Establishes extinction as a fact.,
1796,,Edward Jenner: smallpox historical accounting.,
1796,,Hanaoka Seishū: develops general anaesthesia.,
1800,,Battery(electric),AlessandroVolta
1800,,Electric Battery,Volta
1800,,Electric Battery,Volta
1800,,Electric Battery,Volta
1800,,Alessandro Volta: discovers electrochemical series and invents the battery.,
1802,,Jean-Baptiste Lamarck: teleological evolution.,
1804,,Locomotive,George Stephenson
1804,,Locomotive,George Stephenson
1804,,Locomotive,Richard Trevithick
1805,,John Dalton: Atomic Theory in (chemistry).,
1807,,Steamboat,RobertFulton
1807,,Steam Ship,Robert Fulton
1807,,Steam Ship,Robert Fulton
1810,,Fluorine,André-Marie Ampère
1810,,Fluorine,André-Marie Ampère
1815,,Miners'SafetyLamp,SirHumphryDavy
1816,,Bicycle,KarlvonSauerbronn
1816,,Stethoscope,Rene Laennec
1817,,Kaleidoscope,DavidBrewster
1820,,"Hans Christian Ørsted discovers that a current passed through a wire will deflect the needle of a compass, establishing the deep relationship between electricity and magnetism (electromagnetism).",
1820,,Michael Faraday and James Stoddart discover alloying iron with chromium produces a stainless steel resistant to oxidising elements (rust).,
1821,,Thomas Johann Seebeck is the first to observe a property of semiconductors.[citation needed],
1824,,The laws of thermodynamics,"Sadi Carnot, James Prescott Joule, Rudolf Clausius"
1824,,Greenhouse Effect,"Joseph Fourier, John Tyndall, and Svante Arrhenius"
1824,,Electromagnet,William Sturgeon
1824,,Electromagnet,William Sturgeon
1824,,Electromagnet,William Sturgeon
1824,,The laws of thermodynamics,"Sadi Carnot, James Prescott Joule, Rudolf Clausius"
1824,,"Carnot: described the Carnot cycle, the idealized heat engine.",
1824,,"Joseph Aspdin develops Portland cement (concrete), by heating ground limestone, clay and gypsum, in a kiln.",
1826,,Photography,Joseph Nicéphore Niépce
1826,,Photography,Joseph Nicéphore Niépce
1827,,PhosphorusMatches,JohnWalker
1827,,Fountain Pen,Petrache Poenaru
1827,,Fountain Pen,Petrache Poenaru
1827,,Évariste Galois development of group theory.,
1827,,Georg Ohm: Ohm's law (Electricity).,
1827,,Amedeo Avogadro: Avogadro's law (Gas law).,
1828,,"Friedrich Wöhler synthesized urea, refuting vitalism.",
1830,,Nikolai Lobachevsky created Non-Euclidean geometry.,
1831,,Chloroform,Sir James Young Simpson
1831,,Chloroform,Sir James Young Simpson
1831,,Chloroform,E. Soberran
1831,,Michael Faraday discovers electromagnetic induction.,
1833,,"Anselme Payen isolates first enzyme, diastase.",
1834,,Refrigerator,Jacob Perkins
1834,,Refrigerator,Jacob Perkins
1834,,Refrigerator,Jacob Perkins
1834,,Refrigerator,Jacob Perkins
1836,,Revolver,SamuelColt
1837,,Teflon,SamuelMorse
1837,,"Charles Babbage proposes a design for the construction of a Turing complete, general purpose Computer, to be called the Analytical Engine.",
1838,,Matthias Schleiden: all plants are made of cells.,
1838,,Friedrich Bessel: first successful measure of stellar parallax (to star 61 Cygni).,
1839,,VulcanisedRubber,CharlesGoodyear
1839,,Pedal Driven Bicycle,Kirkpatrick Macmillan
1839,,Ozone,Christian Schonbein
1839,,Pedal Driven Bicycle,Kirkpatrick Macmillan
1839,,Ozone,Christian Schonbein
1839,,Bicycle,Kirkpatrick Macmillan
1839,,Ozone,Christian Schonbein
1841,,Rubber (vulcanized),Charles Goodyear
1841,,Rubber (vulcanized),Charles Goodyear
1841,,Rubber (vulcanized),Charles Goodyear
1841,,Typewriter,Peter Mitterhofer
1842,,Christian Doppler: Doppler effect.,
1843,,"James Prescott Joule: Law of Conservation of energy (First law of thermodynamics), also 1847 – Helmholtz, Conservation of energy.",
1846,,SewingMachine(lockstitch),EliasHowe
1846,,Telegraph,EliasHowe
1846,,Saxophone,Adolphe Sax
1846,,Sewing Machine,Elias Howe
1846,,Johann Gottfried Galle and Heinrich Louis d'Arrest: discovery of Neptune.,
1847,,"George Boole: publishes The Mathematical Analysis of Logic, defining Boolean algebra; refined in his 1854 The Laws of Thought.",
1848,,KelvinScale,LordW.T.Kelvin
1848,,Motorcycle,Edward Butler
1848,,Lord Kelvin: absolute zero.,
1851,,Refrigerator,James Harrison
1852,,Umbrella(steelribbed),SamuelFox
1852,,Elevator,Elisha G. Otis
1852,,Elevator,Elisha G. Otis
1852,,Elevator,Elisha G. Otis
1852,,Steam-Powered Airship,Henri Giffard
1853,,Elevator,ElishaOtis
1854,,Light Bulb,Thomas Edison
1854,,Light Bulb,Thomas Edison
1854,,Light Bulb,Heinrich Goebel
1855,,Safety Match,J.E. Lundstrom
1856,,"Robert Forester Mushet develops a process for the decarbonisation, and re-carbonisation of iron, through the addition of a calculated quantity of spiegeleisen, to produce cheap, consistently high quality steel.",
1857,,SleepingCar,GeorgePullman
1858,,CanOpener,EzraWarner
1858,,WashingMachine(rotary),HamiltonSmith
1858,,Theory of Evolution,Charles Darwin
1858,,Rudolf Virchow: cells can only arise from pre-existing cells.,
1859,,Evolution by natural selection,Charles Darwin
1859,,Refrigerator,FerdinandCarre
1859,,SafetyRazor,KingGillette
1859,,Evolution by natural selection,Charles Darwin
1859,,Charles Darwin and Alfred Wallace: Theory of evolution by natural selection.,
1861,,Linoleum,FrederickWalton
1861,,Celluloid,Alexander Parkes
1861,,Machine Gun,Richard Gatling
1861,,Celluloid,Alexander Parkes
1861,,Machine Gun,Richard Gatling
1861,,Celluloid,Alexander Parkes
1861,,Machine Gun,Richard Gaffing
1861,,Louis Pasteur: Germ theory.,
1861,,John Tyndall:  Experiments in Radiant Energy that reinforced the Greenhouse effect.,
1862,,CylinderLock,LinusYaleJr.
1862,,MachineGun,RichardGattling
1864,,James Clerk Maxwell: Theory of electromagnetism.,
1865,,"Gregor Mendel: Mendel's laws of inheritance, basis for genetics.",
1865,,Rudolf Clausius: Definition of entropy.,
1866,,Dynamite,AlfredNobel
1867,,Dynamite,Alfred B. Nobel
1867,,Dynamite,Alfred B. Nobel
1867,,Dynamite,Alfred B. Nobel
1868,,Helium,Jules Janssen
1868,,Helium,Jules Janssen
1868,,Helium,William Ramsay
1868,,"Robert Forester Mushet discovers that alloying steel with tungsten produces a harder, more durable alloy.",
1869,,The periodic table,Dmitri Mendeleev
1869,,Periodic Table,Dmitri Mendeleev
1869,,Periodic Table,Dmitri Mendeleev
1869,,Periodic Table,Dmitri Mendeleev
1869,,Vacuum Cleaner,Ives McGuffey
1869,,The periodic table,Dmitri Mendeleev
1869,,Dmitri Mendeleev: Periodic table.,
1871,,Lord Rayleigh: Diffuse sky radiation (Rayleigh scattering) explains why sky appears blue.,
1873,,Jeans,LeviStrauss
1873,,Barbed Wire,Joseph F. Glidden
1873,,Electric Motor (DC),Thomas Davenport
1873,,Barbed Wire,Joseph F. Glidden
1873,,Electric Motor (DC),Thomas Davenport
1873,,Barbed Wire,Joseph F. Glidden
1873,,Electric Motor (DC),Zenobe Gramme
1873,,Johannes Diderik van der Waals: was one of the first to postulate an intermolecular force: the van der Waals force.,
1873,,Frederick Guthrie discovers thermionic emission.,
1873,,Willoughby Smith discovers photoconductivity.,
1874,,Telephone,Graham Bell
1875,,William Crookes invented the Crookes tube and studied cathode rays.,
1876,,Telephone,Alexander Graham Bell
1876,,Telephone,Alexander Graham Bell
1876,,Telephone,AlexanderGrahamBell
1876,,Microphone,Alexander Graham Bell
1876,,Microphone,Alexander Graham Bell
1876,,Microphone,Alexander Graham Bell
1876,,Telephone,Alexander Graham Bell
1876,,Telephone,Alexander Graham Bell
1876,,"Josiah Willard Gibbs founded chemical thermodynamics, the phase rule.",
1877,,Phonograph,ThomasEdison
1877,,Ludwig Boltzmann: Statistical definition of entropy.,
1878,,ElectricLightBulb,ThomasEdison
1878,,Gramophone,Thomas Edison
1878,,Gramophone,Thomas Edison
1878,,Gramophone,Thomas Edison
1880,,"John Hopkinson develops three-phase electrical supplies, mathematically proves how multiple AC dynamos can be connected in parallel, improves permanent magnets, and dynamo efficiency, by the addition of tungsten, and describes how temperature effects magnetism (Hopkinson effect).",
1880,,Pierre Curie and Jacques Curie: Piezoelectricity.,
1882,,Iron(electric),HenryW.Seeley
1882,,Electric Fan,Schuyler Wheeler
1882,,Electric Fan,Schuyler Wheeler
1882,,Electric Fan,Wheeler
1884,,FountainPen,LewisE.Waterman
1884,,Fountain Pen,Lewis Edson Waterman
1884,,"Jacobus Henricus van 't Hoff: discovered the laws of chemical dynamics and osmotic pressure in solutions (in his work ""Études de dynamique chimique"").",
1885,,Motorcycle,Gottlieb Daimler
1885,,Petrol for Motor Car,Karl Benz
1885,,Motorcycle,Gottlieb Daimler
1885,,Petrol for Motor Car,Karl Benz
1885,,Petrol for Motor Card,Karl Benz
1886,,Automobile,Karl Benz
1886,,Automobile,Karl Benz
1886,,Coca-Cola,Dr.JohnPemberton
1886,,Dishwasher,JosephineG.Cochran
1886,,YellowPages,ReubenH.Donnelly
1886,,Fluorine,Ferdinand Frederick Henri Moissan
1886,,Automobile,Karl Benz
1886,,Automobile,Karl Benz
1887,,Albert A. Michelson and Edward W. Morley: Michelson–Morley experiment which showed a lack of evidence for the aether.,
1888,,Film,George Eastman
1888,,Camera,GeorgeEastman
1888,,PneumaticTyre,JohnDunlop
1888,,Bicycle Tyres,John Boyd Dunlop
1888,,Bicycle Tyres,John Boyd Dunlop
1888,,Ball Point Pen,John Loud
1888,,Bicycle Tyres,John Boyd Dunlop
1888,,Film,George Eastman
1888,,Friedrich Reinitzer discovers liquid crystals.,
1889,,Cine Camera,Wm. Friese-Greene
1889,,Cine Camera,Wm. Friese-Greene
1889,,Cine Camera,Wm. Friese-Greene
1892,,Diesel Engine,Rudolf Diesel
1892,,Diesel Engine,Rudolf Diesel
1892,,Animation,Emile Reynaud
1892,,Diesel Engine,Rudolf Diesel
1892,,Dmitri Ivanovsky discovers viruses.,
1893,,FerrisWheel,G.W.G.FerrisJr.
1893,,ZipFastener,WhitcombJudson
1894,,Radio,Guglielmo Marconi
1894,,Ship (Turbine),Charles Parsons
1894,,Radio,Guglielmo Marconi
1894,,Ship (Turbine),Charles Parsons
1894,,Radio,Guglielmo Marconi
1894,,Ship (Turbine),Charles Parsons
1895,,Radio,Guglielmo Marconi
1895,,Radio,Guglielmo Marconi
1895,,Radio,GuglielmoMarconi
1895,,SafetyPin,WalterHunt
1895,,Telegraph,GuglielmoMarconi
1895,,Diesel Engine,Rudolf Diesel
1895,,Diesel Engine,Rudolf Diesel
1895,,Diesel Engine,Rudolf Diesel
1895,,X-ray,Wilhelm Conrad Roentgen
1895,,Radio,Guglielmo Marconi
1895,,Radio,Guglielmo Marconi
1895,,Wilhelm Conrad Röntgen discovers x-rays.,
1896,,Radioactivity,"Marie Curie, Pierre Curie, and Henri Becquerel"
1896,,Electric stove/cooker,William S. Hadaway
1896,,Electric stove/cooker,William S. Hadaway
1896,,Electric stove/cooker,William S. Hadaway
1896,,Radioactivity,"Marie Curie, Pierre Curie, and Henri Becquerel"
1896,,Henri Becquerel discovers radioactivity,
1896,,Svante Arrhenius derives the basic principles of the greenhouse effect,
1897,,The Electron,J.J. Thomson
1897,,Vitamin B,Christiaan Eijkman
1897,,The Electron,J.J. Thomson
1897,,J.J. Thomson discovers the electron in cathode rays,
1898,,Submarine,TJohnHolland
1898,,Radium,Marie & Pierre Curie
1898,,Radium,Marie & Pierre Curie
1898,,Radium,Marie & Pierre Curie
1898,,"Martinus Beijerinck: concluded that a virus is infectious—replicating in the host—and thus not a mere toxin, and gave it the name ""virus""",
1898,,J.J. Thomson proposed the plum pudding model of an atom,
1898,,Marie Curie discovered radium and polonium,
1898,,J. J. O'Donnell discovers and documents the order-of-sequence for the sound of an approaching tornado,
1899,,Aspirin,Dr. Felix Hoffman
1899,,Aspirin,Dr. Felix Hoffman
1899,,Aspirin,Dr. Felix Hoffman
1900,,Quantum mechanics,"Max Planck, Albert Einstein, Werner Heisenberg, Erwin Schrödinger and others"
1900,,Quantum mechanics,"Max Planck, Werner Heisenberg, Erwin Schrödinger, Paul Dirac"
1900,,Blood Group,Karl Lansdsteiner
1900,,Blood Group,Karl Lansdsteiner
1900,,Blood Group,Karl Lansdsteiner
1900,,Quantum mechanics,"Max Planck, Albert Einstein, Werner Heisenberg, Erwin Schrödinger and others"
1900,,Quantum mechanics,"Max Planck, Werner Heisenberg, Erwin Schrödinger, Paul Dirac"
1900,,Max Planck: explains the emission spectrum of a black body,
1901,,VacuumCleaner,H.CecilBooth
1901,,Amplitude Modulation,Reginald Fessenden
1902,,Air Conditioner,Willis Carrier
1902,,Air Conditioner,Willis Carrier
1903,,Airplane,The Wright brothers (Orville and Wilbur Wright)
1903,,Airplane,Wilber and Orville Wright
1903,,Airplane,Wilber and Orville Wright
1903,,Airplane,Wilber and Orville Wright
1903,,Windshield wipers,Mary Anderson
1903,,Airplane,The Wright brothers (Orville and Wilbur Wright)
1904,,Valve. Radio,Sir J.A Fleming
1905,,The theory of relativity,Albert Einstein
1905,,The theory of relativity,Albert Einstein
1905,,"Albert Einstein: theory of special relativity, explanation of Brownian motion, and photoelectric effect",
1906,,Walther Nernst: Third law of thermodynamics,
1907,,"Alfred Bertheim: Arsphenamine, the first modern chemotherapeutic agent",
1908,,TeaBag,ThomasSullivan
1908,,Animation,J. Stuart Blackton
1908,,Animation,J. Stuart Blackton
1909,,Fritz Haber: Haber Process for industrial production of ammonia,
1909,,Robert Andrews Millikan: conducts the oil drop experiment and determines the charge on an electron,
1910,,"Williamina Fleming: the first white dwarf, 40 Eridani B",
1911,,Superconductivity,Heike Kamerlingh Onnes
1911,,Superconductivity,Heike Kamerlingh Onnes
1911,,Ernest Rutherford: Atomic nucleus,
1911,,Heike Kamerlingh Onnes: Superconductivity,
1912,,Plate tectonics,Alfred Wegener
1912,,Continental Drift,Alfred Wegener
1912,,Vitamin A,Frederick Gowland Hpokins
1912,,Plate tectonics,Alfred Wegener
1912,,Continental Drift,Alfred Wegener
1912,,Alfred Wegener: Continental drift,
1912,,Max von Laue: x-ray diffraction,
1912,,Vesto Slipher: galactic redshifts,
1912,,Henrietta Swan Leavitt: Cepheid variable period-luminosity relation,
1913,,GeigerCounter,HansGeiger
1913,,Henry Moseley: defined atomic number,
1913,,Niels Bohr: Model of the atom,
1914,,Air Conditioner,Willis Carrier
1915,,Neon Lamp,Georges Claude
1915,,Neon Lamp,Georges Claude
1915,,Neon Lamp,Georges Claude
1915,,Albert Einstein: theory of general relativity – also David Hilbert,
1915,,Karl Schwarzschild: discovery of the Schwarzschild radius leading to the identification of black holes,
1917,,The Proton,Ernest Rutherford
1917,,The Proton,Ernest Rutherford
1918,,Emmy Noether: Noether's theorem – conditions under which the conservation laws are valid,
1920,,Q-Tips,LeoGerstenzang
1920,,Arthur Eddington: Stellar nucleosynthesis,
1922,,Radar,Dr. Albert H. Taylor & Leo C. Young
1922,,Vitamin E,"Herbert McLean Evans & Katherine Scott
Bishop"
1922,,"Frederick Banting, Charles Best, James Collip, John Macleod: isolation and production of insulin to control diabetes",
1923,,Adhesive tape,Richard G. Drew
1923,,Insulin,Sir Frederick Banting
1923,,Adhesive tape,Richard G. Drew
1923,,Insulin,Sir Frederick Banting
1923,,Adhesive tape,Richard G. Drew
1923,,Insulin,Sir Frederick Banting
1924,,Wolfgang Pauli: quantum Pauli exclusion principle,
1924,,Edwin Hubble: the discovery that the Milky Way is just one of many galaxies,
1925,,FrozenFood,ClarenceBirdseye
1925,,Television,JohnLogieBaird
1925,,Erwin Schrödinger: Schrödinger equation (Quantum mechanics),
1925,,Cecilia Payne-Gaposchkin: Discovery of the composition of the Sun and that hydrogen is the most abundant element in the Universe,
1926,,RocketEngine,RobertGoddard
1926,,Rocket Engine,Robert H. Goddard
1926,,Rocket Engine,Robert H. Goddard
1926,,Rocket Engine,Robert H. Goddard
1927,,Television,Philo Farnsworth
1927,,Television,Philo Farnsworth
1927,,The Big Bang theory,Georges Lemaître
1927,,Television,Philo Farnsworth
1927,,Television,Philo Farnsworth
1927,,The Big Bang theory,Georges Lemaître
1927,,Werner Heisenberg: Uncertainty principle (Quantum mechanics),
1927,,Georges Lemaître: Theory of the Big Bang,
1928,,Penicillin,Alexander Fleming
1928,,ElectricShaver,JacobSchick
1928,,Penicillin,Alexander Fleming
1928,,Penicillin,Alexander Fleming
1928,,Penicillin,Alexander Fleming
1928,,Vitamin C,Albert Szent-Gyorgi
1928,,Xerox Machine,Chester Carlson
1928,,Penicillin,Alexander Fleming
1928,,Paul Dirac: Dirac equation (Quantum mechanics),
1929,,Vitamin K,Henrik Dam
1929,,Edwin Hubble: Hubble's law of the expanding universe,
1929,,"Alexander Fleming: Penicillin, the first beta-lactam antibiotic",
1929,,"Lars Onsager's reciprocal relations, a potential fourth law of thermodynamics",
1930,,AdhesiveTape,RichardDrew
1930,,Airplane,Orville&WilburWright
1930,,JetEngine,FrankWhittle
1930,,Subrahmanyan Chandrasekhar discovers his eponymous limit of the maximum mass of a white dwarf star,
1931,,Kurt Gödel: incompleteness theorems prove formal axiomatic systems are incomplete,
1932,,The Neutron,James Chadwick
1932,,The Neutron,James Chadwick
1932,,James Chadwick: Discovery of the neutron,
1932,,"Karl Guthe Jansky discovers the first astronomical radio source, Sagittarius A",
1932,,Ernest Walton and John Cockcroft: Nuclear fission by proton bombardment,
1933,,Dark Matter,Fritz Zwicky
1933,,Dark Matter,Fritz Zwicky
1934,,Enrico Fermi: Nuclear fission by neutron irradiation,
1934,,Clive McCay: Calorie restriction extends the maximum lifespan of another species,
1935,,Radar,Robert Watson
1935,,Nylon,WallaceCarothers
1935,,Richter Scale,Charles Richter
1935,,Richter Scale,Charles Richter
1935,,Richter Scale,Charles Richter
1935,,Radar,Robert Watson
1936,,Jet Engine,Hans Von Ohain
1936,,Jet Engine,Hans Von Ohain
1936,,Jet Engine,Hans Von Ohain
1937,,First Gravitational Lens,J. H. Oort and F. Zwicky
1937,,Xerography,ChesterFloydCarlson
1937,,First Gravitational Lens,J. H. Oort and F. Zwicky
1938,,BallpointPen,LaszloBiro
1938,,Ball Point Pen,John Loud
1938,,Ball Point Pen,John Loud
1938,,"Otto Hahn, Lise Meitner and Fritz Strassmann: Nuclear fission of heavy nuclei",
1938,,Isidor Rabi: Nuclear magnetic resonance,
1939,,Helicopter,IgorSikorsky
1939,,Helicopter,Igor Sikorsky
1939,,Helicopter,Igor Sikorsky
1939,,Helicopter,Igor Sikorsky
1942,,Nuclear power,Enrico Fermi and team
1942,,Nuclear power,Enrico Fermi and team
1943,,Oswald Avery proves that DNA is the genetic material of the chromosome,
1945,,Atomic bomb,J. Robert Oppenheimer and team
1945,,Microwave oven,Percy Spencer
1945,,Atom Bomb,Julius Robert Oppenheimer
1945,,Atom Bomb,Julius Robert Oppenheimer
1945,,Atom Bomb,Julius Robert Oppenheimer
1945,,Atomic bomb,J. Robert Oppenheimer and team
1945,,Microwave oven,Percy Spencer
1945,,Howard Florey Mass production of penicillin,
1946,,Bikini,JacquesHeim/LouisReard
1947,,Transistor,"William Shockley, John Bardeen and Walter Brattain"
1947,,Transistor,"William Shockley, John Bardeen and Walter Brattain"
1947,,"William Shockley, John Bardeen and Walter Brattain invent the first transistor",
1948,,Transistors,"John Bardeen, William Shockley & Walter
Brattain"
1948,,Claude Elwood Shannon: 'A mathematical theory of communication' a seminal paper in Information theory.,
1948,,"Richard Feynman, Julian Schwinger, Sin-Itiro Tomonaga and Freeman Dyson: Quantum electrodynamics",
1951,,"George Otto Gey propagates first cancer cell line, HeLa",
1952,,Pacemaker,Rune Elmqvist
1952,,Pacemaker,Rune Elmqvist
1952,,Pacemaker,Dr. Paul Zoll
1952,,Jonas Salk: developed and tested first polio vaccine,
1952,,Stanley Miller: demonstrated that the building blocks of life could arise from primeval soup in the conditions present during early Earth (Miller-Urey experiment),
1952,,Frederick Sanger: demonstrated that proteins are sequences of amino acids,
1953,,DNA,James Watson and Francis Crick
1953,,The structure of DNA,James Watson and Francis Crick
1953,,DNA,James Watson and Francis Crick
1953,,The structure of DNA,James Watson and Francis Crick
1953,,"James Watson, Francis Crick, Maurice Wilkins and Rosalind Franklin: helical structure of DNA, basis for molecular biology",
1955,,Hovercraft,ChristopherCockerell
1955,,Polio Vaccine,Jonas Edward Salk
1955,,Polio Vaccine,Jonas Edward Salk
1956,,Artificial intelligence,"John McCarthy, Marvin Minsky, Allen Newell and Herbert A. Simon"
1956,,Artificial intelligence,"John McCarthy, Marvin Minsky, Allen Newell and Herbert A. Simon"
1957,,"Chien Shiung Wu: demonstrated that parity, and thus charge conjugation and time-reversals, are violated for weak interactions",
1958,,OpticalDisc,DavidPaulGregg
1959,,Hovercraft,Christopher Cockerell
1959,,Hovercraft,Christopher Cockerell
1959,,Hovercraft,Christopher Cockerell
1960,,Laser,Theodore H. Maiman
1960,,Laser(ruby),TheodoreMaiman
1960,,Laser,Theodore Maiman
1960,,Laser,Theodore Maiman
1960,,Laser,Dr. Charles H. Townes
1960,,Laser,Theodore H. Maiman
1961,,Soft Contact lenses,Otto Wichterle
1962,,"Riccardo Giacconi and his team discover the first cosmic x-ray source, Scorpius X-1",
1963,,First Supermassive Black Hole,Maarten Schmidt
1963,,First Supermassive Black Hole,Maarten Schmidt
1963,,"Lawrence Morley, Fred Vine, and Drummond Matthews:  Paleomagnetic stripes in ocean crust as evidence of plate tectonics (Vine–Matthews–Morley hypothesis).",
1964,,Synthesizer,Dr. Robert Arthur Moog
1964,,"Murray Gell-Mann and George Zweig: postulates quarks, leading to the standard model",
1964,,Arno Penzias and Robert Woodrow Wilson: detection of CMBR providing experimental evidence for the Big Bang,
1965,,Cosmic Microwave Background Radiation,Arno Penzias and Robert Wilson
1965,,AstroTurf,J.Faria&R.Wright
1965,,CompactDisk,JamesRussell
1965,,Holography,D.Gabor
1965,,Cosmic Microwave Background Radiation,Arno Penzias and Robert Wilson
1965,,Leonard Hayflick: normal cells divide only a certain number of times: the Hayflick limit,
1967,,Jocelyn Bell Burnell and Antony Hewish discover first pulsar,
1967,,Vela nuclear test detection satellites discover the first gamma-ray burst,
1968,,Virtual reality,Ivan Sutherland
1968,,Virtual reality,Ivan Sutherland
1970,,"James H. Ellis proposed the possibility of ""non-secret encryption"", more commonly termed public-key cryptography, a concept that would be implemented by his GCHQ colleague Clifford Cocks in 1973, in what would become known as the RSA algorithm, with key exchange added by a third colleague Malcolm J. Williamson, in 1975.",
1971,,Place cells in the brain are discovered by John O'Keefe,
1972,,Genetic engineering,Paul Berg
1972,,Genetic engineering,Paul Berg
1973,,Mobile phones,Martin Cooper
1973,,Mobile phones,Martin Cooper
1974,,"Russell Alan Hulse and Joseph Hooton Taylor, Jr. discover indirect evidence for gravitational wave radiation in the Hulse–Taylor binary",
1977,,MRI,Raymond Damadian
1977,,MRI,Raymond Damadian
1977,,Frederick Sanger sequences the first DNA genome of an organism using Sanger sequencing,
1978,,GPS,"Roger L. Easton, Ivan A. Getting and Bradford Parkinson"
1978,,GPS,"Roger L. Easton, Ivan A. Getting and Bradford Parkinson"
1980,,Klaus von Klitzing discovered the quantum Hall effect,
1982,,Artificial heart,Robert Jarvik
1982,,Artificial heart,Robert Jarvik
1982,,Donald C. Backer et al. discover the first millisecond pulsar,
1983,,"Kary Mullis invents the polymerase chain reaction, a key discovery in molecular biology",
1985,,Ozone Hole,"Joe Farman, Brian Gardiner, and Jonathan Shanklin"
1985,,Ozone Hole,"Joe Farman, Brian Gardiner, and Jonathan Shanklin"
1986,,Karl Müller and Johannes Bednorz: Discovery of High-temperature superconductivity,
1988,,Bart van Wees [nl] and colleagues at TU Delft and Philips Research discovered the quantized conductance in a two-dimensional electron gas.,
1989,,World Wide Web,Tim Berners Lee with Robert Cailliau
1990,,Mary-Claire King discovers the link between heritable breast cancers and a gene found on chromosome 17q21.[128][129],
1992,,Exoplanets,Aleksander Wolszczan and Dale Frail
1992,,Exoplanets,Aleksander Wolszczan and Dale Frail
1992,,Aleksander Wolszczan and Dale Frail observe the first pulsar planets (this was the first confirmed discovery of planets outside the Solar System),
1994,,Andrew Wiles proves Fermat's Last Theorem,
1995,,Michel Mayor and Didier Queloz definitively observe the first extrasolar planet around a main sequence star,
1995,,"Eric Cornell, Carl Wieman and Wolfgang Ketterle attained the first Bose-Einstein Condensate with atomic gases, so called fifth state of matter at an extremely low temperature.",
1996,,Roslin Institute: Dolly the sheep was cloned.[130],
1997,,CDF and DØ experiments at Fermilab: Top quark.,
1998,,Dark Energy,"Saul Perlmutter, Brian P. Schmidt, and Adam G. Riess"
1998,,Dark Energy,"Saul Perlmutter, Brian P. Schmidt, and Adam G. Riess"
1998,,Supernova Cosmology Project and the High-Z Supernova Search Team: discovery of the accelerated expansion of the Universe and dark energy,
2000,,The Tau neutrino is discovered by the DONUT collaboration,
2001,,The first draft of the Human Genome Project is published.[131],
2003,,Grigori Perelman presents proof of the Poincaré Conjecture.,
2003,,The Human Genome Project sequences the human genome with a 92% accuracy.[132],
2004,,Ben Green and Terence Tao announce their proof on arithmetic progressions in prime numbers known as the Green–Tao Theorem.,
2004,,"Andre Geim and Konstantin Novoselov isolated graphene, a monolayer of carbon atoms, and studied its quantum electrical properties.",
2005,,Grid cells in the brain are discovered by Edvard Moser and May-Britt Moser.,
2010,,"The first self-replicating, synthetic bacterial cells are constructed.[133]",
2010,,The Neanderthal Genome Project presented preliminary genetic evidence that interbreeding likely occurred and that a small but significant portion of Neanderthal admixture is present in modern non-African populations.[134],
2012,,Higgs Boson,Peter Higgs and François Englert
2012,,Higgs Boson,Peter Higgs and François Englert
2012,,Higgs boson is discovered at CERN (confirmed to 99.999% certainty),
2012,,Photonic molecules are discovered at MIT,
2014,,Exotic hadrons are discovered at the LHCb,
2014,,Photonic metamaterials are discovered to make passive daytime radiative cooling possible by Raman et al.[135][136],
2015,,Gravitational Waves,LIGO Scientific Collaboration
2015,,First Black Hole Merger,LIGO Scientific Collaboration
2015,,Gravitational Waves,LIGO Scientific Collaboration
2015,,First Black Hole Merger,LIGO Scientific Collaboration
2016,,The LIGO team detects gravitational waves from a black hole merger,
2017,,"Gravitational wave signal GW170817 is observed by the LIGO/Virgo collaboration. This is the first instance of a gravitational wave event observed to have a simultaneous electromagnetic signal when space telescopes like Hubble observed lights coming from the event, thereby marking a significant breakthrough for multi-messenger astronomy.[137][138][139]",
2019,,"The first image of a black hole is captured, using eight different telescopes taking simultaneous pictures, timed with extremely precise atomic clocks. [1]",
2020,,NASA and SOFIA (Stratospheric Observatory for Infrared Astronomy) discover about 12 US fl oz (350 ml) of surface water in one of the Moon's largest visible craters.[140],
2022,,"The standard reference gene, GRCh38.p14, of the human genome, is fully sequenced and contains 3.1 billion base pairs.[141]",
